approved_for_scrape,suggested_decision,decision_reason,barcode,name,brand,query,card_text,image_alt,image_url_raw
YES,YES,milk_or_beverage_with_liquid_signal,7290003029815,חלב 3% בקבוק 2 ליטר,,חלב 3%,"חלב 3% בקבוק 2 ליטר
יטבתה | 2 ליטר
‏16.90 ‏₪
‏8.45 ‏₪ / 1 ליטר",חלב 3% בקבוק 2 ליטר,"https://yochananof.co.il/_next/image?url=https%3A%2F%2Fapi.yochananof.co.il%2Fmedia%2Fcatalog%2Fproduct%2Fcache%2F7d40ab1d2c85da43a7701c1338d70a16%2F3%2F5%2F351247_7290003029815.jpg&w=256&q=75 /_next/image?url=https%3A%2F%2Fapi.yochananof.co.il%2Fmedia%2Fcatalog%2Fproduct%2Fcache%2F7d40ab1d2c85da43a7701c1338d70a16%2F3%2F5%2F351247_7290003029815.jpg&w=256&q=75 1x, /_next/image?url=https%3A%2F%2Fapi.yochananof.co.il%2Fmedia%2Fcatalog%2Fproduct%2Fcache%2F7d40ab1d2c85da43a7701c1338d70a16%2F3%2F5%2F351247_7290003029815.jpg&w=384&q=75 2x"
YES,YES,milk_or_beverage_with_liquid_signal,7290116936291,חלב 3% עדה חרדית תנובה 2 ליטר,,חלב 3%,"חלב 3% עדה חרדית תנובה 2 ליטר
תנובה | 2 ליטר
‏14.56 ‏₪
‏7.28 ‏₪ / 1 ליטר",חלב 3% עדה חרדית תנובה 2 ליטר,"https://yochananof.co.il/_next/image?url=https%3A%2F%2Fapi.yochananof.co.il%2Fmedia%2Fcatalog%2Fproduct%2Fcache%2F7d40ab1d2c85da43a7701c1338d70a16%2F7%2F2%2F7290116936291_s1_1502-03-2026_12-25-08.jpg&w=256&q=75 /_next/image?url=https%3A%2F%2Fapi.yochananof.co.il%2Fmedia%2Fcatalog%2Fproduct%2Fcache%2F7d40ab1d2c85da43a7701c1338d70a16%2F7%2F2%2F7290116936291_s1_1502-03-2026_12-25-08.jpg&w=256&q=75 1x, /_next/image?url=https%3A%2F%2Fapi.yochananof.co.il%2Fmedia%2Fcatalog%2Fproduct%2Fcache%2F7d40ab1d2c85da43a7701c1338d70a16%2F7%2F2%2F7290116936291_s1_1502-03-2026_12-25-08.jpg&w=384&q=75 2x"
YES,YES,milk_or_beverage_with_liquid_signal,7290004131074,חלב תנובה טרי 1 ל קרטון 3% מהדרין - מחיר בפיקוח ממשלתי,,חלב 3%,"חלב תנובה טרי 1 ל קרטון 3% מהדרין - מחיר בפיקוח ממשלתי
חלב תנובה | 1 ליטר
‏7.28 ‏₪
‏7.28 ‏₪ / 1 ליטר",חלב תנובה טרי 1 ל קרטון 3% מהדרין - מחיר בפיקוח ממשלתי,"https://yochananof.co.il/_next/image?url=https%3A%2F%2Fapi.yochananof.co.il%2Fmedia%2Fcatalog%2Fproduct%2Fcache%2F7d40ab1d2c85da43a7701c1338d70a16%2F7%2F2%2F7290004131074_s1_1502-12-2026_14-47-08.jpg&w=256&q=75 /_next/image?url=https%3A%2F%2Fapi.yochananof.co.il%2Fmedia%2Fcatalog%2Fproduct%2Fcache%2F7d40ab1d2c85da43a7701c1338d70a16%2F7%2F2%2F7290004131074_s1_1502-12-2026_14-47-08.jpg&w=256&q=75 1x, /_next/image?url=https%3A%2F%2Fapi.yochananof.co.il%2Fmedia%2Fcatalog%2Fproduct%2Fcache%2F7d40ab1d2c85da43a7701c1338d70a16%2F7%2F2%2F7290004131074_s1_1502-12-2026_14-47-08.jpg&w=384&q=75 2x"
YES,YES,milk_or_beverage_with_liquid_signal,,חלב 3% בקרטון 1 ליטר - מחיר בפיקוח ממשלתי,,חלב 3%,"חלב 3% בקרטון 1 ליטר - מחיר בפיקוח ממשלתי
חלב תנובה | 1 ליטר
‏7.28 ‏₪
‏7.28 ‏₪ / 1 ליטר",חלב 3% בקרטון 1 ליטר - מחיר בפיקוח ממשלתי,"https://yochananof.co.il/_next/image?url=https%3A%2F%2Fapi.yochananof.co.il%2Fmedia%2Fcatalog%2Fproduct%2Fcache%2F7d40ab1d2c85da43a7701c1338d70a16%2F4%2Ff%2F4fd1b67388f8e34b37a9f715650f820c7576b608249c191c0a9e127c1b4a8423.jpeg&w=256&q=75 /_next/image?url=https%3A%2F%2Fapi.yochananof.co.il%2Fmedia%2Fcatalog%2Fproduct%2Fcache%2F7d40ab1d2c85da43a7701c1338d70a16%2F4%2Ff%2F4fd1b67388f8e34b37a9f715650f820c7576b608249c191c0a9e127c1b4a8423.jpeg&w=256&q=75 1x, /_next/image?url=https%3A%2F%2Fapi.yochananof.co.il%2Fmedia%2Fcatalog%2Fproduct%2Fcache%2F7d40ab1d2c85da43a7701c1338d70a16%2F4%2Ff%2F4fd1b67388f8e34b37a9f715650f820c7576b608249c191c0a9e127c1b4a8423.jpeg&w=384&q=75 2x"
YES,YES,milk_or_beverage_with_liquid_signal,7290000522319,חלב טרי מהגולן 3%,,חלב 3%,"חלב טרי מהגולן 3%
מחלבות רמת הגולן | 1 ליטר
‏7.28 ‏₪
‏7.28 ‏₪ / 1 ליטר",חלב טרי מהגולן 3%,"https://yochananof.co.il/_next/image?url=https%3A%2F%2Fapi.yochananof.co.il%2Fmedia%2Fcatalog%2Fproduct%2Fcache%2F7d40ab1d2c85da43a7701c1338d70a16%2F7%2F2%2F729000052231911-07-2024_17-45-56.jpg&w=256&q=75 /_next/image?url=https%3A%2F%2Fapi.yochananof.co.il%2Fmedia%2Fcatalog%2Fproduct%2Fcache%2F7d40ab1d2c85da43a7701c1338d70a16%2F7%2F2%2F729000052231911-07-2024_17-45-56.jpg&w=256&q=75 1x, /_next/image?url=https%3A%2F%2Fapi.yochananof.co.il%2Fmedia%2Fcatalog%2Fproduct%2Fcache%2F7d40ab1d2c85da43a7701c1338d70a16%2F7%2F2%2F729000052231911-07-2024_17-45-56.jpg&w=384&q=75 2x"
YES,YES,milk_or_beverage_with_liquid_signal,7290107932080,חלב בבקבוק 3% מועשר- מהדרין,,חלב 3%,"חלב בבקבוק 3% מועשר- מהדרין
יטבתה | 1 ליטר
‏8.90 ‏₪
‏8.90 ‏₪ / 1 ליטר",חלב בבקבוק 3% מועשר- מהדרין,"https://yochananof.co.il/_next/image?url=https%3A%2F%2Fapi.yochananof.co.il%2Fmedia%2Fcatalog%2Fproduct%2Fcache%2F7d40ab1d2c85da43a7701c1338d70a16%2F3%2F4%2F344073_7290107932080.jpg&w=256&q=75 /_next/image?url=https%3A%2F%2Fapi.yochananof.co.il%2Fmedia%2Fcatalog%2Fproduct%2Fcache%2F7d40ab1d2c85da43a7701c1338d70a16%2F3%2F4%2F344073_7290107932080.jpg&w=256&q=75 1x, /_next/image?url=https%3A%2F%2Fapi.yochananof.co.il%2Fmedia%2Fcatalog%2Fproduct%2Fcache%2F7d40ab1d2c85da43a7701c1338d70a16%2F3%2F4%2F344073_7290107932080.jpg&w=384&q=75 2x"
YES,YES,milk_or_beverage_with_liquid_signal,7290000056845,חלב טרי 1.5 ליטר 3% הומוגני קרטון - מחיר בפיקוח ממשלתי,,חלב 3%,"חלב טרי 1.5 ליטר 3% הומוגני קרטון - מחיר בפיקוח ממשלתי
חלב תנובה | 1.5 ליטר
‏10.92 ‏₪
‏7.28 ‏₪ / 1 ליטר",חלב טרי 1.5 ליטר 3% הומוגני קרטון - מחיר בפיקוח ממשלתי,"https://yochananof.co.il/_next/image?url=https%3A%2F%2Fapi.yochananof.co.il%2Fmedia%2Fcatalog%2Fproduct%2Fcache%2F7d40ab1d2c85da43a7701c1338d70a16%2F7%2F2%2F7290000056845_s1_1510-26-2025_13-06-25.jpg&w=256&q=75 /_next/image?url=https%3A%2F%2Fapi.yochananof.co.il%2Fmedia%2Fcatalog%2Fproduct%2Fcache%2F7d40ab1d2c85da43a7701c1338d70a16%2F7%2F2%2F7290000056845_s1_1510-26-2025_13-06-25.jpg&w=256&q=75 1x, /_next/image?url=https%3A%2F%2Fapi.yochananof.co.il%2Fmedia%2Fcatalog%2Fproduct%2Fcache%2F7d40ab1d2c85da43a7701c1338d70a16%2F7%2F2%2F7290000056845_s1_1510-26-2025_13-06-25.jpg&w=384&q=75 2x"
YES,YES,milk_or_beverage_with_liquid_signal,7290102398065,חלב בקרטון 3% 2 ליטר מהדרין - מחיר בפיקוח ממשלתי,,חלב 3%,"חלב בקרטון 3% 2 ליטר מהדרין - מחיר בפיקוח ממשלתי
טרה | 2 ליטר
‏14.56 ‏₪
‏7.28 ‏₪ / 1 ליטר",חלב בקרטון 3% 2 ליטר מהדרין - מחיר בפיקוח ממשלתי,"https://yochananof.co.il/_next/image?url=https%3A%2F%2Fapi.yochananof.co.il%2Fmedia%2Fcatalog%2Fproduct%2Fcache%2F7d40ab1d2c85da43a7701c1338d70a16%2F7%2F2%2F729010239806502-06-2023_07-18-20.jpg&w=256&q=75 /_next/image?url=https%3A%2F%2Fapi.yochananof.co.il%2Fmedia%2Fcatalog%2Fproduct%2Fcache%2F7d40ab1d2c85da43a7701c1338d70a16%2F7%2F2%2F729010239806502-06-2023_07-18-20.jpg&w=256&q=75 1x, /_next/image?url=https%3A%2F%2Fapi.yochananof.co.il%2Fmedia%2Fcatalog%2Fproduct%2Fcache%2F7d40ab1d2c85da43a7701c1338d70a16%2F7%2F2%2F729010239806502-06-2023_07-18-20.jpg&w=384&q=75 2x"
YES,YES,milk_or_beverage_with_liquid_signal,7290116936307,חלב 3% מהדרין תנובה 2 ליטר,,חלב 3%,"חלב 3% מהדרין תנובה 2 ליטר
תנובה | 2 ליטר
‏14.56 ‏₪
‏7.28 ‏₪ / 1 ליטר",חלב 3% מהדרין תנובה 2 ליטר,"https://yochananof.co.il/_next/image?url=https%3A%2F%2Fapi.yochananof.co.il%2Fmedia%2Fcatalog%2Fproduct%2Fcache%2F7d40ab1d2c85da43a7701c1338d70a16%2F7%2F2%2F7290116936307_s1_1502-03-2026_13-15-11.jpg&w=256&q=75 /_next/image?url=https%3A%2F%2Fapi.yochananof.co.il%2Fmedia%2Fcatalog%2Fproduct%2Fcache%2F7d40ab1d2c85da43a7701c1338d70a16%2F7%2F2%2F7290116936307_s1_1502-03-2026_13-15-11.jpg&w=256&q=75 1x, /_next/image?url=https%3A%2F%2Fapi.yochananof.co.il%2Fmedia%2Fcatalog%2Fproduct%2Fcache%2F7d40ab1d2c85da43a7701c1338d70a16%2F7%2F2%2F7290116936307_s1_1502-03-2026_13-15-11.jpg&w=384&q=75 2x"
YES,YES,milk_or_beverage_with_liquid_signal,,חלב עמיד 3% שומן תנובה 1 ליטר,,חלב 3%,"חלב עמיד 3% שומן תנובה 1 ליטר
חלב תנובה | 1 ליטר
‏8.60 ‏₪
‏8.60 ‏₪ / 1 ליטר",חלב עמיד 3% שומן תנובה 1 ליטר,"https://yochananof.co.il/_next/image?url=https%3A%2F%2Fapi.yochananof.co.il%2Fmedia%2Fcatalog%2Fproduct%2Fcache%2F7d40ab1d2c85da43a7701c1338d70a16%2F4%2F7%2F47dd1a8c6fed4f6de2b275430809a74fe1cebedfc70a0403ad450dd70ac762ce.jpeg&w=256&q=75 /_next/image?url=https%3A%2F%2Fapi.yochananof.co.il%2Fmedia%2Fcatalog%2Fproduct%2Fcache%2F7d40ab1d2c85da43a7701c1338d70a16%2F4%2F7%2F47dd1a8c6fed4f6de2b275430809a74fe1cebedfc70a0403ad450dd70ac762ce.jpeg&w=256&q=75 1x, /_next/image?url=https%3A%2F%2Fapi.yochananof.co.il%2Fmedia%2Fcatalog%2Fproduct%2Fcache%2F7d40ab1d2c85da43a7701c1338d70a16%2F4%2F7%2F47dd1a8c6fed4f6de2b275430809a74fe1cebedfc70a0403ad450dd70ac762ce.jpeg&w=384&q=75 2x"
YES,YES,milk_or_beverage_with_liquid_signal,7290000042015,חלב תנובה טרי שקית 1 ליטר 3% בדצ - מחיר בפיקוח ממשלתי,,חלב 3%,"חלב תנובה טרי שקית 1 ליטר 3% בדצ - מחיר בפיקוח ממשלתי
חלב תנובה | 1 ליטר
‏6.35 ‏₪
‏6.35 ‏₪ / 1 ליטר",חלב תנובה טרי שקית 1 ליטר 3% בדצ - מחיר בפיקוח ממשלתי,"https://yochananof.co.il/_next/image?url=https%3A%2F%2Fapi.yochananof.co.il%2Fmedia%2Fcatalog%2Fproduct%2Fcache%2F7d40ab1d2c85da43a7701c1338d70a16%2F7%2F2%2F7290000042015_s1_1511-05-2020_11-28-15.jpg&w=256&q=75 /_next/image?url=https%3A%2F%2Fapi.yochananof.co.il%2Fmedia%2Fcatalog%2Fproduct%2Fcache%2F7d40ab1d2c85da43a7701c1338d70a16%2F7%2F2%2F7290000042015_s1_1511-05-2020_11-28-15.jpg&w=256&q=75 1x, /_next/image?url=https%3A%2F%2Fapi.yochananof.co.il%2Fmedia%2Fcatalog%2Fproduct%2Fcache%2F7d40ab1d2c85da43a7701c1338d70a16%2F7%2F2%2F7290000042015_s1_1511-05-2020_11-28-15.jpg&w=384&q=75 2x"
YES,YES,milk_or_beverage_with_liquid_signal,7290102392094,חלב עיזים בקרטון 1 ליטר,,חלב 3%,"חלב עיזים בקרטון 1 ליטר
משק צוריאל | 1 ליטר
‏17.90 ‏₪
‏17.90 ‏₪ / 1 ליטר",חלב עיזים בקרטון 1 ליטר,"https://yochananof.co.il/_next/image?url=https%3A%2F%2Fapi.yochananof.co.il%2Fmedia%2Fcatalog%2Fproduct%2Fcache%2F7d40ab1d2c85da43a7701c1338d70a16%2F7%2F2%2F729010239209402-26-2026_07-22-01.jpg&w=256&q=75 /_next/image?url=https%3A%2F%2Fapi.yochananof.co.il%2Fmedia%2Fcatalog%2Fproduct%2Fcache%2F7d40ab1d2c85da43a7701c1338d70a16%2F7%2F2%2F729010239209402-26-2026_07-22-01.jpg&w=256&q=75 1x, /_next/image?url=https%3A%2F%2Fapi.yochananof.co.il%2Fmedia%2Fcatalog%2Fproduct%2Fcache%2F7d40ab1d2c85da43a7701c1338d70a16%2F7%2F2%2F729010239209402-26-2026_07-22-01.jpg&w=384&q=75 2x"
YES,YES,milk_or_beverage_with_liquid_signal,7290107932134,חלב בבקבוק 1% מועשר- מהדרין,,חלב 1%,"חלב בבקבוק 1% מועשר- מהדרין
יטבתה | 1 ליטר
‏8.90 ‏₪
‏8.90 ‏₪ / 1 ליטר",חלב בבקבוק 1% מועשר- מהדרין,"https://yochananof.co.il/_next/image?url=https%3A%2F%2Fapi.yochananof.co.il%2Fmedia%2Fcatalog%2Fproduct%2Fcache%2F7d40ab1d2c85da43a7701c1338d70a16%2F3%2F4%2F344072_7290107932134.jpg&w=256&q=75 /_next/image?url=https%3A%2F%2Fapi.yochananof.co.il%2Fmedia%2Fcatalog%2Fproduct%2Fcache%2F7d40ab1d2c85da43a7701c1338d70a16%2F3%2F4%2F344072_7290107932134.jpg&w=256&q=75 1x, /_next/image?url=https%3A%2F%2Fapi.yochananof.co.il%2Fmedia%2Fcatalog%2Fproduct%2Fcache%2F7d40ab1d2c85da43a7701c1338d70a16%2F3%2F4%2F344072_7290107932134.jpg&w=384&q=75 2x"
YES,YES,milk_or_beverage_with_liquid_signal,7290014758162,חלב עיזים קרטון 1 ליטר,,חלב 1%,"חלב עיזים קרטון 1 ליטר
חלב תנובה | 1 ליטר
‏17.90 ‏₪
‏17.90 ‏₪ / 1 ליטר",חלב עיזים קרטון 1 ליטר,"https://yochananof.co.il/_next/image?url=https%3A%2F%2Fapi.yochananof.co.il%2Fmedia%2Fcatalog%2Fproduct%2Fcache%2F7d40ab1d2c85da43a7701c1338d70a16%2F7%2F2%2F7290014758162_s1_1512-16-2024_11-25-28.jpg&w=256&q=75 /_next/image?url=https%3A%2F%2Fapi.yochananof.co.il%2Fmedia%2Fcatalog%2Fproduct%2Fcache%2F7d40ab1d2c85da43a7701c1338d70a16%2F7%2F2%2F7290014758162_s1_1512-16-2024_11-25-28.jpg&w=256&q=75 1x, /_next/image?url=https%3A%2F%2Fapi.yochananof.co.il%2Fmedia%2Fcatalog%2Fproduct%2Fcache%2F7d40ab1d2c85da43a7701c1338d70a16%2F7%2F2%2F7290014758162_s1_1512-16-2024_11-25-28.jpg&w=384&q=75 2x"
YES,YES,milk_or_beverage_with_liquid_signal,7290000051352,חלב מלא בטעם של פעם 1ליטר לפחות 3.4%שומן,,חלב 1%,"חלב מלא בטעם של פעם 1ליטר לפחות 3.4%שומן
חלב תנובה | 1 ליטר
‏8.90 ‏₪
‏8.90 ‏₪ / 1 ליטר",חלב מלא בטעם של פעם 1ליטר לפחות 3.4%שומן,"https://yochananof.co.il/_next/image?url=https%3A%2F%2Fapi.yochananof.co.il%2Fmedia%2Fcatalog%2Fproduct%2Fcache%2F7d40ab1d2c85da43a7701c1338d70a16%2F7%2F2%2F7290000051352_s1_1502-12-2026_14-38-30.jpg&w=256&q=75 /_next/image?url=https%3A%2F%2Fapi.yochananof.co.il%2Fmedia%2Fcatalog%2Fproduct%2Fcache%2F7d40ab1d2c85da43a7701c1338d70a16%2F7%2F2%2F7290000051352_s1_1502-12-2026_14-38-30.jpg&w=256&q=75 1x, /_next/image?url=https%3A%2F%2Fapi.yochananof.co.il%2Fmedia%2Fcatalog%2Fproduct%2Fcache%2F7d40ab1d2c85da43a7701c1338d70a16%2F7%2F2%2F7290000051352_s1_1502-12-2026_14-38-30.jpg&w=384&q=75 2x"
YES,YES,milk_or_beverage_with_liquid_signal,7290019790259,חלב טבעי 4% 1 ליטר,,חלב 1%,"חלב טבעי 4% 1 ליטר
מחלבות רמת הגולן | 1 ליטר
‏8.60 ‏₪
‏8.60 ‏₪ / 1 ליטר",חלב טבעי 4% 1 ליטר,"https://yochananof.co.il/_next/image?url=https%3A%2F%2Fapi.yochananof.co.il%2Fmedia%2Fcatalog%2Fproduct%2Fcache%2F7d40ab1d2c85da43a7701c1338d70a16%2F7%2F2%2F729001979025910-03-2024_07-59-53.jpg&w=256&q=75 /_next/image?url=https%3A%2F%2Fapi.yochananof.co.il%2Fmedia%2Fcatalog%2Fproduct%2Fcache%2F7d40ab1d2c85da43a7701c1338d70a16%2F7%2F2%2F729001979025910-03-2024_07-59-53.jpg&w=256&q=75 1x, /_next/image?url=https%3A%2F%2Fapi.yochananof.co.il%2Fmedia%2Fcatalog%2Fproduct%2Fcache%2F7d40ab1d2c85da43a7701c1338d70a16%2F7%2F2%2F729001979025910-03-2024_07-59-53.jpg&w=384&q=75 2x"
YES,YES,milk_or_beverage_with_liquid_signal,7290116930695,חלב נטול לקטוז 2% שומן 1 ליטר,,חלב 1%,"חלב נטול לקטוז 2% שומן 1 ליטר
חלב תנובה | 1 ליטר
‏8.80 ‏₪
‏8.80 ‏₪ / 1 ליטר",חלב נטול לקטוז 2% שומן 1 ליטר,"https://yochananof.co.il/_next/image?url=https%3A%2F%2Fapi.yochananof.co.il%2Fmedia%2Fcatalog%2Fproduct%2Fcache%2F7d40ab1d2c85da43a7701c1338d70a16%2F7%2F2%2F7290116930695_s1_1512-16-2024_11-16-51.jpg&w=256&q=75 /_next/image?url=https%3A%2F%2Fapi.yochananof.co.il%2Fmedia%2Fcatalog%2Fproduct%2Fcache%2F7d40ab1d2c85da43a7701c1338d70a16%2F7%2F2%2F7290116930695_s1_1512-16-2024_11-16-51.jpg&w=256&q=75 1x, /_next/image?url=https%3A%2F%2Fapi.yochananof.co.il%2Fmedia%2Fcatalog%2Fproduct%2Fcache%2F7d40ab1d2c85da43a7701c1338d70a16%2F7%2F2%2F7290116930695_s1_1512-16-2024_11-16-51.jpg&w=384&q=75 2x"
YES,YES,milk_or_beverage_with_liquid_signal,,חלב עמיד 3% שומן תנובה 1 ליטר,,חלב 1%,"חלב עמיד 3% שומן תנובה 1 ליטר
חלב תנובה | 1 ליטר
‏8.60 ‏₪
‏8.60 ‏₪ / 1 ליטר",חלב עמיד 3% שומן תנובה 1 ליטר,"https://yochananof.co.il/_next/image?url=https%3A%2F%2Fapi.yochananof.co.il%2Fmedia%2Fcatalog%2Fproduct%2Fcache%2F7d40ab1d2c85da43a7701c1338d70a16%2F4%2F7%2F47dd1a8c6fed4f6de2b275430809a74fe1cebedfc70a0403ad450dd70ac762ce.jpeg&w=256&q=75 /_next/image?url=https%3A%2F%2Fapi.yochananof.co.il%2Fmedia%2Fcatalog%2Fproduct%2Fcache%2F7d40ab1d2c85da43a7701c1338d70a16%2F4%2F7%2F47dd1a8c6fed4f6de2b275430809a74fe1cebedfc70a0403ad450dd70ac762ce.jpeg&w=256&q=75 1x, /_next/image?url=https%3A%2F%2Fapi.yochananof.co.il%2Fmedia%2Fcatalog%2Fproduct%2Fcache%2F7d40ab1d2c85da43a7701c1338d70a16%2F4%2F7%2F47dd1a8c6fed4f6de2b275430809a74fe1cebedfc70a0403ad450dd70ac762ce.jpeg&w=384&q=75 2x"
YES,YES,milk_or_beverage_with_liquid_signal,7290000042435,חלב תנובה טרי קרט+ פקק 1ל %1 - מחיר בפיקוח ממשלתי,,חלב דל שומן,"חלב תנובה טרי קרט+ פקק 1ל %1 - מחיר בפיקוח ממשלתי
חלב תנובה | 1 ליטר
‏6.85 ‏₪
‏6.85 ‏₪ / 1 ליטר",חלב תנובה טרי קרט+ פקק 1ל %1 - מחיר בפיקוח ממשלתי,"https://yochananof.co.il/_next/image?url=https%3A%2F%2Fapi.yochananof.co.il%2Fmedia%2Fcatalog%2Fproduct%2Fcache%2F7d40ab1d2c85da43a7701c1338d70a16%2F7%2F2%2F7290000042435_s1_1505-20-2025_14-59-58.jpg&w=256&q=75 /_next/image?url=https%3A%2F%2Fapi.yochananof.co.il%2Fmedia%2Fcatalog%2Fproduct%2Fcache%2F7d40ab1d2c85da43a7701c1338d70a16%2F7%2F2%2F7290000042435_s1_1505-20-2025_14-59-58.jpg&w=256&q=75 1x, /_next/image?url=https%3A%2F%2Fapi.yochananof.co.il%2Fmedia%2Fcatalog%2Fproduct%2Fcache%2F7d40ab1d2c85da43a7701c1338d70a16%2F7%2F2%2F7290000042435_s1_1505-20-2025_14-59-58.jpg&w=384&q=75 2x"
YES,YES,milk_or_beverage_with_liquid_signal,7290114313285,מולר פרוטאין משקה חלבון בטעם בננה 25גרם חלבון 0%שומן,,חלב דל שומן,"מולר פרוטאין משקה חלבון בטעם בננה 25גרם חלבון 0%שומן
מולר | 350 מ""ל
‏7.90 ‏₪
‏2.26 ‏₪ / 100 מ""ל",מולר פרוטאין משקה חלבון בטעם בננה 25גרם חלבון 0%שומן,"https://yochananof.co.il/_next/image?url=https%3A%2F%2Fapi.yochananof.co.il%2Fmedia%2Fcatalog%2Fproduct%2Fcache%2F7d40ab1d2c85da43a7701c1338d70a16%2F7%2F2%2F729011431328505-11-2025_13-42-41.jpg&w=256&q=75 /_next/image?url=https%3A%2F%2Fapi.yochananof.co.il%2Fmedia%2Fcatalog%2Fproduct%2Fcache%2F7d40ab1d2c85da43a7701c1338d70a16%2F7%2F2%2F729011431328505-11-2025_13-42-41.jpg&w=256&q=75 1x, /_next/image?url=https%3A%2F%2Fapi.yochananof.co.il%2Fmedia%2Fcatalog%2Fproduct%2Fcache%2F7d40ab1d2c85da43a7701c1338d70a16%2F7%2F2%2F729011431328505-11-2025_13-42-41.jpg&w=384&q=75 2x"
YES,YES,milk_or_beverage_with_liquid_signal,7290114312950,מולר פרוטאין משקה חלבון בטעם וניל 25גרם חלבון 0%שומן,,חלב דל שומן,"מולר פרוטאין משקה חלבון בטעם וניל 25גרם חלבון 0%שומן
מולר | 350 מ""ל
‏7.90 ‏₪
‏2.26 ‏₪ / 100 מ""ל",מולר פרוטאין משקה חלבון בטעם וניל 25גרם חלבון 0%שומן,"https://yochananof.co.il/_next/image?url=https%3A%2F%2Fapi.yochananof.co.il%2Fmedia%2Fcatalog%2Fproduct%2Fcache%2F7d40ab1d2c85da43a7701c1338d70a16%2F7%2F2%2F729011431295005-11-2025_13-38-23.jpg&w=256&q=75 /_next/image?url=https%3A%2F%2Fapi.yochananof.co.il%2Fmedia%2Fcatalog%2Fproduct%2Fcache%2F7d40ab1d2c85da43a7701c1338d70a16%2F7%2F2%2F729011431295005-11-2025_13-38-23.jpg&w=256&q=75 1x, /_next/image?url=https%3A%2F%2Fapi.yochananof.co.il%2Fmedia%2Fcatalog%2Fproduct%2Fcache%2F7d40ab1d2c85da43a7701c1338d70a16%2F7%2F2%2F729011431295005-11-2025_13-38-23.jpg&w=384&q=75 2x"
YES,YES,milk_or_beverage_with_liquid_signal,,חלב 3% בקרטון 1 ליטר - מחיר בפיקוח ממשלתי,,חלב שוקולד,"חלב 3% בקרטון 1 ליטר - מחיר בפיקוח ממשלתי
חלב תנובה | 1 ליטר
‏7.28 ‏₪
‏7.28 ‏₪ / 1 ליטר",חלב 3% בקרטון 1 ליטר - מחיר בפיקוח ממשלתי,"https://yochananof.co.il/_next/image?url=https%3A%2F%2Fapi.yochananof.co.il%2Fmedia%2Fcatalog%2Fproduct%2Fcache%2F7d40ab1d2c85da43a7701c1338d70a16%2F4%2Ff%2F4fd1b67388f8e34b37a9f715650f820c7576b608249c191c0a9e127c1b4a8423.jpeg&w=256&q=75 /_next/image?url=https%3A%2F%2Fapi.yochananof.co.il%2Fmedia%2Fcatalog%2Fproduct%2Fcache%2F7d40ab1d2c85da43a7701c1338d70a16%2F4%2Ff%2F4fd1b67388f8e34b37a9f715650f820c7576b608249c191c0a9e127c1b4a8423.jpeg&w=256&q=75 1x, /_next/image?url=https%3A%2F%2Fapi.yochananof.co.il%2Fmedia%2Fcatalog%2Fproduct%2Fcache%2F7d40ab1d2c85da43a7701c1338d70a16%2F4%2Ff%2F4fd1b67388f8e34b37a9f715650f820c7576b608249c191c0a9e127c1b4a8423.jpeg&w=384&q=75 2x"
YES,YES,milk_or_beverage_with_liquid_signal,7290110563462,חלב בבקבוק נטול לקטוז 2%,,חלב שוקולד,"חלב בבקבוק נטול לקטוז 2%
יטבתה | 1 ליטר
‏9.60 ‏₪
‏9.60 ‏₪ / 1 ליטר",חלב בבקבוק נטול לקטוז 2%,"https://yochananof.co.il/_next/image?url=https%3A%2F%2Fapi.yochananof.co.il%2Fmedia%2Fcatalog%2Fproduct%2Fcache%2F7d40ab1d2c85da43a7701c1338d70a16%2F3%2F4%2F347799_7290110563462.jpg&w=256&q=75 /_next/image?url=https%3A%2F%2Fapi.yochananof.co.il%2Fmedia%2Fcatalog%2Fproduct%2Fcache%2F7d40ab1d2c85da43a7701c1338d70a16%2F3%2F4%2F347799_7290110563462.jpg&w=256&q=75 1x, /_next/image?url=https%3A%2F%2Fapi.yochananof.co.il%2Fmedia%2Fcatalog%2Fproduct%2Fcache%2F7d40ab1d2c85da43a7701c1338d70a16%2F3%2F4%2F347799_7290110563462.jpg&w=384&q=75 2x"
YES,YES,milk_or_beverage_with_liquid_signal,7290000040974,חלב טרי דל לקטוז 1 ליטר 2%,,חלב שוקולד,"חלב טרי דל לקטוז 1 ליטר 2%
חלב תנובה | 1 ליטר
‏7.30 ‏₪
‏7.30 ‏₪ / 1 ליטר",חלב טרי דל לקטוז 1 ליטר 2%,"https://yochananof.co.il/_next/image?url=https%3A%2F%2Fapi.yochananof.co.il%2Fmedia%2Fcatalog%2Fproduct%2Fcache%2F7d40ab1d2c85da43a7701c1338d70a16%2F7%2F2%2F7290000040974_s1_1501-29-2025_15-11-54.jpg&w=256&q=75 /_next/image?url=https%3A%2F%2Fapi.yochananof.co.il%2Fmedia%2Fcatalog%2Fproduct%2Fcache%2F7d40ab1d2c85da43a7701c1338d70a16%2F7%2F2%2F7290000040974_s1_1501-29-2025_15-11-54.jpg&w=256&q=75 1x, /_next/image?url=https%3A%2F%2Fapi.yochananof.co.il%2Fmedia%2Fcatalog%2Fproduct%2Fcache%2F7d40ab1d2c85da43a7701c1338d70a16%2F7%2F2%2F7290000040974_s1_1501-29-2025_15-11-54.jpg&w=384&q=75 2x"
YES,YES,milk_or_beverage_with_liquid_signal,7290114313865,חלב נטול לקטוז מועשר בחלבון 2% שומן 1 ליטר,,חלב עשיר בחלבון,"חלב נטול לקטוז מועשר בחלבון 2% שומן 1 ליטר
טרה | 1 ליטר
‏13.90 ‏₪
‏13.90 ‏₪ / 1 ליטר",חלב נטול לקטוז מועשר בחלבון 2% שומן 1 ליטר,"https://yochananof.co.il/_next/image?url=https%3A%2F%2Fapi.yochananof.co.il%2Fmedia%2Fcatalog%2Fproduct%2Fcache%2F7d40ab1d2c85da43a7701c1338d70a16%2F7%2F2%2F729011431386505-25-2025_05-53-36.jpg&w=256&q=75 /_next/image?url=https%3A%2F%2Fapi.yochananof.co.il%2Fmedia%2Fcatalog%2Fproduct%2Fcache%2F7d40ab1d2c85da43a7701c1338d70a16%2F7%2F2%2F729011431386505-25-2025_05-53-36.jpg&w=256&q=75 1x, /_next/image?url=https%3A%2F%2Fapi.yochananof.co.il%2Fmedia%2Fcatalog%2Fproduct%2Fcache%2F7d40ab1d2c85da43a7701c1338d70a16%2F7%2F2%2F729011431386505-25-2025_05-53-36.jpg&w=384&q=75 2x"
YES,YES,milk_or_beverage_with_liquid_signal,7290110324926,משקה סויה ללא תוספת סוכר,,משקה סויה,"משקה סויה ללא תוספת סוכר
תנובה אלטרנטיב | 1 ליטר
‏10.60 ‏₪
‏10.60 ‏₪ / 1 ליטר",משקה סויה ללא תוספת סוכר,"https://yochananof.co.il/_next/image?url=https%3A%2F%2Fapi.yochananof.co.il%2Fmedia%2Fcatalog%2Fproduct%2Fcache%2F7d40ab1d2c85da43a7701c1338d70a16%2F7%2F2%2F7290110324926_s1_1509-24-2020_12-46-31.jpg&w=256&q=75 /_next/image?url=https%3A%2F%2Fapi.yochananof.co.il%2Fmedia%2Fcatalog%2Fproduct%2Fcache%2F7d40ab1d2c85da43a7701c1338d70a16%2F7%2F2%2F7290110324926_s1_1509-24-2020_12-46-31.jpg&w=256&q=75 1x, /_next/image?url=https%3A%2F%2Fapi.yochananof.co.il%2Fmedia%2Fcatalog%2Fproduct%2Fcache%2F7d40ab1d2c85da43a7701c1338d70a16%2F7%2F2%2F7290110324926_s1_1509-24-2020_12-46-31.jpg&w=384&q=75 2x"
YES,YES,milk_or_beverage_with_liquid_signal,7290004125578,משקה סויה מועשר,,משקה סויה,"משקה סויה מועשר
תנובה אלטרנטיב | 1 ליטר
‏10.60 ‏₪
‏10.60 ‏₪ / 1 ליטר",משקה סויה מועשר,"https://yochananof.co.il/_next/image?url=https%3A%2F%2Fapi.yochananof.co.il%2Fmedia%2Fcatalog%2Fproduct%2Fcache%2F7d40ab1d2c85da43a7701c1338d70a16%2F7%2F2%2F7290004125578_s1_1505-19-2021_06-53-06.jpg&w=256&q=75 /_next/image?url=https%3A%2F%2Fapi.yochananof.co.il%2Fmedia%2Fcatalog%2Fproduct%2Fcache%2F7d40ab1d2c85da43a7701c1338d70a16%2F7%2F2%2F7290004125578_s1_1505-19-2021_06-53-06.jpg&w=256&q=75 1x, /_next/image?url=https%3A%2F%2Fapi.yochananof.co.il%2Fmedia%2Fcatalog%2Fproduct%2Fcache%2F7d40ab1d2c85da43a7701c1338d70a16%2F7%2F2%2F7290004125578_s1_1505-19-2021_06-53-06.jpg&w=384&q=75 2x"
YES,YES,milk_or_beverage_with_liquid_signal,7290004130794,משקה סויה במתיקות מופחתת,,משקה סויה,"משקה סויה במתיקות מופחתת
תנובה אלטרנטיב | 1 ליטר
‏10.60 ‏₪
‏10.60 ‏₪ / 1 ליטר",משקה סויה במתיקות מופחתת,"https://yochananof.co.il/_next/image?url=https%3A%2F%2Fapi.yochananof.co.il%2Fmedia%2Fcatalog%2Fproduct%2Fcache%2F7d40ab1d2c85da43a7701c1338d70a16%2F7%2F2%2F7290004130794_s1_1505-19-2021_06-53-13.jpg&w=256&q=75 /_next/image?url=https%3A%2F%2Fapi.yochananof.co.il%2Fmedia%2Fcatalog%2Fproduct%2Fcache%2F7d40ab1d2c85da43a7701c1338d70a16%2F7%2F2%2F7290004130794_s1_1505-19-2021_06-53-13.jpg&w=256&q=75 1x, /_next/image?url=https%3A%2F%2Fapi.yochananof.co.il%2Fmedia%2Fcatalog%2Fproduct%2Fcache%2F7d40ab1d2c85da43a7701c1338d70a16%2F7%2F2%2F7290004130794_s1_1505-19-2021_06-53-13.jpg&w=384&q=75 2x"
YES,YES,milk_or_beverage_with_liquid_signal,7290004125585,משקה סויה בטעם וניל,,משקה סויה,"משקה סויה בטעם וניל
תנובה אלטרנטיב | 1 ליטר
‏10.60 ‏₪
‏10.60 ‏₪ / 1 ליטר",משקה סויה בטעם וניל,"https://yochananof.co.il/_next/image?url=https%3A%2F%2Fapi.yochananof.co.il%2Fmedia%2Fcatalog%2Fproduct%2Fcache%2F7d40ab1d2c85da43a7701c1338d70a16%2F7%2F2%2F7290004125585_s1_1505-19-2021_06-53-07.jpg&w=256&q=75 /_next/image?url=https%3A%2F%2Fapi.yochananof.co.il%2Fmedia%2Fcatalog%2Fproduct%2Fcache%2F7d40ab1d2c85da43a7701c1338d70a16%2F7%2F2%2F7290004125585_s1_1505-19-2021_06-53-07.jpg&w=256&q=75 1x, /_next/image?url=https%3A%2F%2Fapi.yochananof.co.il%2Fmedia%2Fcatalog%2Fproduct%2Fcache%2F7d40ab1d2c85da43a7701c1338d70a16%2F7%2F2%2F7290004125585_s1_1505-19-2021_06-53-07.jpg&w=384&q=75 2x"
YES,YES,milk_or_beverage_with_liquid_signal,7290116936116,משקה סויה ללא סוכרים 1 ליטר,,משקה סויה,"משקה סויה ללא סוכרים 1 ליטר
תנובה אלטרנטיב | 1 ליטר
‏10.60 ‏₪
‏10.60 ‏₪ / 1 ליטר",משקה סויה ללא סוכרים 1 ליטר,"https://yochananof.co.il/_next/image?url=https%3A%2F%2Fapi.yochananof.co.il%2Fmedia%2Fcatalog%2Fproduct%2Fcache%2F7d40ab1d2c85da43a7701c1338d70a16%2F7%2F2%2F7290116936116_s1_1512-04-2025_13-57-05.jpg&w=256&q=75 /_next/image?url=https%3A%2F%2Fapi.yochananof.co.il%2Fmedia%2Fcatalog%2Fproduct%2Fcache%2F7d40ab1d2c85da43a7701c1338d70a16%2F7%2F2%2F7290116936116_s1_1512-04-2025_13-57-05.jpg&w=256&q=75 1x, /_next/image?url=https%3A%2F%2Fapi.yochananof.co.il%2Fmedia%2Fcatalog%2Fproduct%2Fcache%2F7d40ab1d2c85da43a7701c1338d70a16%2F7%2F2%2F7290116936116_s1_1512-04-2025_13-57-05.jpg&w=384&q=75 2x"
YES,YES,milk_or_beverage_with_liquid_signal,7290004132552,משקה סויה לייט בטעם טבעי טרי 1 ליטר,,משקה סויה,"משקה סויה לייט בטעם טבעי טרי 1 ליטר
תנובה אלטרנטיב | 1 ליטר
‏10.60 ‏₪
‏10.60 ‏₪ / 1 ליטר",משקה סויה לייט בטעם טבעי טרי 1 ליטר,"https://yochananof.co.il/_next/image?url=https%3A%2F%2Fapi.yochananof.co.il%2Fmedia%2Fcatalog%2Fproduct%2Fcache%2F7d40ab1d2c85da43a7701c1338d70a16%2F7%2F2%2F7290004132552_s1_1505-19-2021_06-53-09.jpg&w=256&q=75 /_next/image?url=https%3A%2F%2Fapi.yochananof.co.il%2Fmedia%2Fcatalog%2Fproduct%2Fcache%2F7d40ab1d2c85da43a7701c1338d70a16%2F7%2F2%2F7290004132552_s1_1505-19-2021_06-53-09.jpg&w=256&q=75 1x, /_next/image?url=https%3A%2F%2Fapi.yochananof.co.il%2Fmedia%2Fcatalog%2Fproduct%2Fcache%2F7d40ab1d2c85da43a7701c1338d70a16%2F7%2F2%2F7290004132552_s1_1505-19-2021_06-53-09.jpg&w=384&q=75 2x"
YES,YES,milk_or_beverage_with_liquid_signal,7290119385560,"משקה סויה בריסטה אלפרו 500 מ""ל",,משקה סויה,"משקה סויה בריסטה אלפרו 500 מ""ל
אלפרו | 500 מ""ל
‏6.90 ‏₪
‏1.38 ‏₪ / 100 מ""ל","משקה סויה בריסטה אלפרו 500 מ""ל","https://yochananof.co.il/_next/image?url=https%3A%2F%2Fapi.yochananof.co.il%2Fmedia%2Fcatalog%2Fproduct%2Fcache%2F7d40ab1d2c85da43a7701c1338d70a16%2F3%2F7%2F370387_7290119385560.jpg&w=256&q=75 /_next/image?url=https%3A%2F%2Fapi.yochananof.co.il%2Fmedia%2Fcatalog%2Fproduct%2Fcache%2F7d40ab1d2c85da43a7701c1338d70a16%2F3%2F7%2F370387_7290119385560.jpg&w=256&q=75 1x, /_next/image?url=https%3A%2F%2Fapi.yochananof.co.il%2Fmedia%2Fcatalog%2Fproduct%2Fcache%2F7d40ab1d2c85da43a7701c1338d70a16%2F3%2F7%2F370387_7290119385560.jpg&w=384&q=75 2x"
YES,YES,milk_or_beverage_with_liquid_signal,8000215204653,משקה סויה אורגני,,משקה סויה,"משקה סויה אורגני
נטורפוד | 1 ליטר
‏12.90 ‏₪
‏12.90 ‏₪ / 1 ליטר",משקה סויה אורגני,"https://yochananof.co.il/_next/image?url=https%3A%2F%2Fapi.yochananof.co.il%2Fmedia%2Fcatalog%2Fproduct%2Fcache%2F7d40ab1d2c85da43a7701c1338d70a16%2F8%2F0%2F8000215204653_s107-11-2024_13-28-58.jpg&w=256&q=75 /_next/image?url=https%3A%2F%2Fapi.yochananof.co.il%2Fmedia%2Fcatalog%2Fproduct%2Fcache%2F7d40ab1d2c85da43a7701c1338d70a16%2F8%2F0%2F8000215204653_s107-11-2024_13-28-58.jpg&w=256&q=75 1x, /_next/image?url=https%3A%2F%2Fapi.yochananof.co.il%2Fmedia%2Fcatalog%2Fproduct%2Fcache%2F7d40ab1d2c85da43a7701c1338d70a16%2F8%2F0%2F8000215204653_s107-11-2024_13-28-58.jpg&w=384&q=75 2x"
YES,YES,milk_or_beverage_with_liquid_signal,8006040380166,משקה סויה בריסטה וולסויה 1 ליטר,,משקה סויה,"משקה סויה בריסטה וולסויה 1 ליטר
וולסויה | 1 ליטר
‏11.90 ‏₪
‏11.90 ‏₪ / 1 ליטר",משקה סויה בריסטה וולסויה 1 ליטר,"https://yochananof.co.il/_next/image?url=https%3A%2F%2Fapi.yochananof.co.il%2Fmedia%2Fcatalog%2Fproduct%2Fcache%2F7d40ab1d2c85da43a7701c1338d70a16%2F8%2F0%2F800604038016604-10-2024_14-10-17.jpg&w=256&q=75 /_next/image?url=https%3A%2F%2Fapi.yochananof.co.il%2Fmedia%2Fcatalog%2Fproduct%2Fcache%2F7d40ab1d2c85da43a7701c1338d70a16%2F8%2F0%2F800604038016604-10-2024_14-10-17.jpg&w=256&q=75 1x, /_next/image?url=https%3A%2F%2Fapi.yochananof.co.il%2Fmedia%2Fcatalog%2Fproduct%2Fcache%2F7d40ab1d2c85da43a7701c1338d70a16%2F8%2F0%2F800604038016604-10-2024_14-10-17.jpg&w=384&q=75 2x"
YES,YES,milk_or_beverage_with_liquid_signal,8006040380173,משקה סויה,,משקה סויה,"משקה סויה
וולסויה | 1 ליטר
‏11.90 ‏₪
‏11.90 ‏₪ / 1 ליטר",משקה סויה,"https://yochananof.co.il/_next/image?url=https%3A%2F%2Fapi.yochananof.co.il%2Fmedia%2Fcatalog%2Fproduct%2Fcache%2F7d40ab1d2c85da43a7701c1338d70a16%2F8%2F0%2F800604038017304-10-2024_14-12-39.jpg&w=256&q=75 /_next/image?url=https%3A%2F%2Fapi.yochananof.co.il%2Fmedia%2Fcatalog%2Fproduct%2Fcache%2F7d40ab1d2c85da43a7701c1338d70a16%2F8%2F0%2F800604038017304-10-2024_14-12-39.jpg&w=256&q=75 1x, /_next/image?url=https%3A%2F%2Fapi.yochananof.co.il%2Fmedia%2Fcatalog%2Fproduct%2Fcache%2F7d40ab1d2c85da43a7701c1338d70a16%2F8%2F0%2F800604038017304-10-2024_14-12-39.jpg&w=384&q=75 2x"
YES,YES,milk_or_beverage_with_liquid_signal,7290119371440,"משקה סויה בטעם סחלב אלפרו 750 מ""ל",,משקה סויה,"משקה סויה בטעם סחלב אלפרו 750 מ""ל
אלפרו | 750 מ""ל
במבצע ‏10.90 ₪
‏12.90 ‏₪
‏1.72 ‏₪ / 100 מ""ל","משקה סויה בטעם סחלב אלפרו 750 מ""ל","https://yochananof.co.il/_next/image?url=https%3A%2F%2Fapi.yochananof.co.il%2Fmedia%2Fcatalog%2Fproduct%2Fcache%2F7d40ab1d2c85da43a7701c1338d70a16%2F3%2F7%2F370654_7290119371440.jpg&w=256&q=75 /_next/image?url=https%3A%2F%2Fapi.yochananof.co.il%2Fmedia%2Fcatalog%2Fproduct%2Fcache%2F7d40ab1d2c85da43a7701c1338d70a16%2F3%2F7%2F370654_7290119371440.jpg&w=256&q=75 1x, /_next/image?url=https%3A%2F%2Fapi.yochananof.co.il%2Fmedia%2Fcatalog%2Fproduct%2Fcache%2F7d40ab1d2c85da43a7701c1338d70a16%2F3%2F7%2F370654_7290119371440.jpg&w=384&q=75 2x"
YES,YES,milk_or_beverage_with_liquid_signal,7290110325619,משקה שיבולת שועל,,משקה שיבולת שועל,"משקה שיבולת שועל
תנובה אלטרנטיב | 1 ליטר
‏12.90 ‏₪
‏12.90 ‏₪ / 1 ליטר",משקה שיבולת שועל,"https://yochananof.co.il/_next/image?url=https%3A%2F%2Fapi.yochananof.co.il%2Fmedia%2Fcatalog%2Fproduct%2Fcache%2F7d40ab1d2c85da43a7701c1338d70a16%2F7%2F2%2F7290110325619_s1_1505-19-2021_06-53-08.jpg&w=256&q=75 /_next/image?url=https%3A%2F%2Fapi.yochananof.co.il%2Fmedia%2Fcatalog%2Fproduct%2Fcache%2F7d40ab1d2c85da43a7701c1338d70a16%2F7%2F2%2F7290110325619_s1_1505-19-2021_06-53-08.jpg&w=256&q=75 1x, /_next/image?url=https%3A%2F%2Fapi.yochananof.co.il%2Fmedia%2Fcatalog%2Fproduct%2Fcache%2F7d40ab1d2c85da43a7701c1338d70a16%2F7%2F2%2F7290110325619_s1_1505-19-2021_06-53-08.jpg&w=384&q=75 2x"
YES,YES,milk_or_beverage_with_liquid_signal,7290110327514,משקה שיבולת שועל בטעם אגוזי לוז,,משקה שיבולת שועל,"משקה שיבולת שועל בטעם אגוזי לוז
תנובה אלטרנטיב | 1 ליטר
‏12.90 ‏₪
‏12.90 ‏₪ / 1 ליטר",משקה שיבולת שועל בטעם אגוזי לוז,"https://yochananof.co.il/_next/image?url=https%3A%2F%2Fapi.yochananof.co.il%2Fmedia%2Fcatalog%2Fproduct%2Fcache%2F7d40ab1d2c85da43a7701c1338d70a16%2F7%2F2%2F7290110327514_s1_1510-05-2021_10-54-34.jpg&w=256&q=75 /_next/image?url=https%3A%2F%2Fapi.yochananof.co.il%2Fmedia%2Fcatalog%2Fproduct%2Fcache%2F7d40ab1d2c85da43a7701c1338d70a16%2F7%2F2%2F7290110327514_s1_1510-05-2021_10-54-34.jpg&w=256&q=75 1x, /_next/image?url=https%3A%2F%2Fapi.yochananof.co.il%2Fmedia%2Fcatalog%2Fproduct%2Fcache%2F7d40ab1d2c85da43a7701c1338d70a16%2F7%2F2%2F7290110327514_s1_1510-05-2021_10-54-34.jpg&w=384&q=75 2x"
YES,YES,milk_or_beverage_with_liquid_signal,7290116933894,משקה שיבולת שועל וויט,,משקה שיבולת שועל,"משקה שיבולת שועל וויט
תנובה אלטרנטיב | 1 ליטר
‏12.90 ‏₪
‏12.90 ‏₪ / 1 ליטר",משקה שיבולת שועל וויט,"https://yochananof.co.il/_next/image?url=https%3A%2F%2Fapi.yochananof.co.il%2Fmedia%2Fcatalog%2Fproduct%2Fcache%2F7d40ab1d2c85da43a7701c1338d70a16%2F7%2F2%2F7290116933894_s1_1506-30-2024_12-38-08.jpg&w=256&q=75 /_next/image?url=https%3A%2F%2Fapi.yochananof.co.il%2Fmedia%2Fcatalog%2Fproduct%2Fcache%2F7d40ab1d2c85da43a7701c1338d70a16%2F7%2F2%2F7290116933894_s1_1506-30-2024_12-38-08.jpg&w=256&q=75 1x, /_next/image?url=https%3A%2F%2Fapi.yochananof.co.il%2Fmedia%2Fcatalog%2Fproduct%2Fcache%2F7d40ab1d2c85da43a7701c1338d70a16%2F7%2F2%2F7290116933894_s1_1506-30-2024_12-38-08.jpg&w=384&q=75 2x"
YES,YES,milk_or_beverage_with_liquid_signal,8000215204714,משקה שיבולת שועל אורגני,,משקה שיבולת שועל,"משקה שיבולת שועל אורגני
נטורפוד | 1 ליטר
2 יח' ב- ‏25 ₪
‏14.90 ‏₪
‏14.90 ‏₪ / 1 ליטר",משקה שיבולת שועל אורגני,"https://yochananof.co.il/_next/image?url=https%3A%2F%2Fapi.yochananof.co.il%2Fmedia%2Fcatalog%2Fproduct%2Fcache%2F7d40ab1d2c85da43a7701c1338d70a16%2F8%2F0%2F8000215204714_s103-08-2021_13-32-22.jpg&w=256&q=75 /_next/image?url=https%3A%2F%2Fapi.yochananof.co.il%2Fmedia%2Fcatalog%2Fproduct%2Fcache%2F7d40ab1d2c85da43a7701c1338d70a16%2F8%2F0%2F8000215204714_s103-08-2021_13-32-22.jpg&w=256&q=75 1x, /_next/image?url=https%3A%2F%2Fapi.yochananof.co.il%2Fmedia%2Fcatalog%2Fproduct%2Fcache%2F7d40ab1d2c85da43a7701c1338d70a16%2F8%2F0%2F8000215204714_s103-08-2021_13-32-22.jpg&w=384&q=75 2x"
YES,YES,milk_or_beverage_with_liquid_signal,8000215204745,משקה שיבולת שועל וניל אורגני,,משקה שיבולת שועל,"משקה שיבולת שועל וניל אורגני
נטורפוד | 1 ליטר
2 יח' ב- ‏25 ₪
‏14.90 ‏₪
‏14.90 ‏₪ / 1 ליטר",משקה שיבולת שועל וניל אורגני,"https://yochananof.co.il/_next/image?url=https%3A%2F%2Fapi.yochananof.co.il%2Fmedia%2Fcatalog%2Fproduct%2Fcache%2F7d40ab1d2c85da43a7701c1338d70a16%2F8%2F0%2F8000215204745_s103-23-2022_12-13-09.jpg&w=256&q=75 /_next/image?url=https%3A%2F%2Fapi.yochananof.co.il%2Fmedia%2Fcatalog%2Fproduct%2Fcache%2F7d40ab1d2c85da43a7701c1338d70a16%2F8%2F0%2F8000215204745_s103-23-2022_12-13-09.jpg&w=256&q=75 1x, /_next/image?url=https%3A%2F%2Fapi.yochananof.co.il%2Fmedia%2Fcatalog%2Fproduct%2Fcache%2F7d40ab1d2c85da43a7701c1338d70a16%2F8%2F0%2F8000215204745_s103-23-2022_12-13-09.jpg&w=384&q=75 2x"
YES,YES,milk_or_beverage_with_liquid_signal,7394376620904,משקה שיבולת שועל ללא סוכר,,משקה שיבולת שועל,"משקה שיבולת שועל ללא סוכר
אוטלי | 1 ליטר
‏14.90 ‏₪
‏14.90 ‏₪ / 1 ליטר",משקה שיבולת שועל ללא סוכר,"https://yochananof.co.il/_next/image?url=https%3A%2F%2Fapi.yochananof.co.il%2Fmedia%2Fcatalog%2Fproduct%2Fcache%2F7d40ab1d2c85da43a7701c1338d70a16%2F7%2F3%2F7394376620904_s106-25-2025_09-58-48.jpg&w=256&q=75 /_next/image?url=https%3A%2F%2Fapi.yochananof.co.il%2Fmedia%2Fcatalog%2Fproduct%2Fcache%2F7d40ab1d2c85da43a7701c1338d70a16%2F7%2F3%2F7394376620904_s106-25-2025_09-58-48.jpg&w=256&q=75 1x, /_next/image?url=https%3A%2F%2Fapi.yochananof.co.il%2Fmedia%2Fcatalog%2Fproduct%2Fcache%2F7d40ab1d2c85da43a7701c1338d70a16%2F7%2F3%2F7394376620904_s106-25-2025_09-58-48.jpg&w=384&q=75 2x"
YES,YES,milk_or_beverage_with_liquid_signal,8000215204240,משקה שקדים ואורז אורגני,,משקה שקדים,"משקה שקדים ואורז אורגני
ויטאריז | 1 ליטר
2 יח' ב- ‏25 ₪
‏14.90 ‏₪
‏14.90 ‏₪ / 1 ליטר",משקה שקדים ואורז אורגני,"https://yochananof.co.il/_next/image?url=https%3A%2F%2Fapi.yochananof.co.il%2Fmedia%2Fcatalog%2Fproduct%2Fcache%2F7d40ab1d2c85da43a7701c1338d70a16%2F8%2F0%2F8000215204240_s103-08-2021_11-15-59.jpg&w=256&q=75 /_next/image?url=https%3A%2F%2Fapi.yochananof.co.il%2Fmedia%2Fcatalog%2Fproduct%2Fcache%2F7d40ab1d2c85da43a7701c1338d70a16%2F8%2F0%2F8000215204240_s103-08-2021_11-15-59.jpg&w=256&q=75 1x, /_next/image?url=https%3A%2F%2Fapi.yochananof.co.il%2Fmedia%2Fcatalog%2Fproduct%2Fcache%2F7d40ab1d2c85da43a7701c1338d70a16%2F8%2F0%2F8000215204240_s103-08-2021_11-15-59.jpg&w=384&q=75 2x"
YES,YES,milk_or_beverage_with_liquid_signal,7290014760141,משקה שקדים,,משקה שקדים,"משקה שקדים
תנובה אלטרנטיב | 1 ליטר
‏12.90 ‏₪
‏12.90 ‏₪ / 1 ליטר",משקה שקדים,"https://yochananof.co.il/_next/image?url=https%3A%2F%2Fapi.yochananof.co.il%2Fmedia%2Fcatalog%2Fproduct%2Fcache%2F7d40ab1d2c85da43a7701c1338d70a16%2F7%2F2%2F7290014760141_s1_1505-19-2021_06-53-14.jpg&w=256&q=75 /_next/image?url=https%3A%2F%2Fapi.yochananof.co.il%2Fmedia%2Fcatalog%2Fproduct%2Fcache%2F7d40ab1d2c85da43a7701c1338d70a16%2F7%2F2%2F7290014760141_s1_1505-19-2021_06-53-14.jpg&w=256&q=75 1x, /_next/image?url=https%3A%2F%2Fapi.yochananof.co.il%2Fmedia%2Fcatalog%2Fproduct%2Fcache%2F7d40ab1d2c85da43a7701c1338d70a16%2F7%2F2%2F7290014760141_s1_1505-19-2021_06-53-14.jpg&w=384&q=75 2x"
YES,YES,milk_or_beverage_with_liquid_signal,,משקה שקדים ללא סוכר,,משקה שקדים,"משקה שקדים ללא סוכר
תנובה אלטרנטיב | 1 ליטר
‏12.90 ‏₪
‏12.90 ‏₪ / 1 ליטר",משקה שקדים ללא סוכר,"https://yochananof.co.il/_next/image?url=https%3A%2F%2Fapi.yochananof.co.il%2Fmedia%2Fcatalog%2Fproduct%2Fcache%2F7d40ab1d2c85da43a7701c1338d70a16%2F2%2Ff%2F2f8b0f39939a1db4942b26e7714024f3f221ad9b1a6e63bf68926728e9ea6f80.jpeg&w=256&q=75 /_next/image?url=https%3A%2F%2Fapi.yochananof.co.il%2Fmedia%2Fcatalog%2Fproduct%2Fcache%2F7d40ab1d2c85da43a7701c1338d70a16%2F2%2Ff%2F2f8b0f39939a1db4942b26e7714024f3f221ad9b1a6e63bf68926728e9ea6f80.jpeg&w=256&q=75 1x, /_next/image?url=https%3A%2F%2Fapi.yochananof.co.il%2Fmedia%2Fcatalog%2Fproduct%2Fcache%2F7d40ab1d2c85da43a7701c1338d70a16%2F2%2Ff%2F2f8b0f39939a1db4942b26e7714024f3f221ad9b1a6e63bf68926728e9ea6f80.jpeg&w=384&q=75 2x"
YES,YES,milk_or_beverage_with_liquid_signal,7290110558437,אלפרו שקדים קר,,משקה שקדים,"אלפרו שקדים קר
אלפרו | 1 ליטר
‏9.90 ‏₪
‏13.90 ‏₪
‏9.90 ‏₪ / 1 ליטר
משקה שקדים אורגני
נטורפוד | 1 ליטר
‏16.90 ‏₪
‏16.90 ‏₪ / 1 ליטר
אלפרו בריסטה שקדים
אלפרו | 1 ליטר
2 יח' ב- ‏24 ₪
‏14.90 ‏₪
‏14.90 ‏₪ / 1 ליטר
משקה סויה בטעם סחלב אלפרו 750 מ""ל
אלפרו | 750 מ""ל
במבצע ‏10.90 ₪
‏12.90 ‏₪
‏1.72 ‏₪ / 100 מ""ל",אלפרו שקדים קר,"https://yochananof.co.il/_next/image?url=https%3A%2F%2Fapi.yochananof.co.il%2Fmedia%2Fcatalog%2Fproduct%2Fcache%2F7d40ab1d2c85da43a7701c1338d70a16%2F3%2F7%2F370704_7290110558437.jpg&w=256&q=75 /_next/image?url=https%3A%2F%2Fapi.yochananof.co.il%2Fmedia%2Fcatalog%2Fproduct%2Fcache%2F7d40ab1d2c85da43a7701c1338d70a16%2F3%2F7%2F370704_7290110558437.jpg&w=256&q=75 1x, /_next/image?url=https%3A%2F%2Fapi.yochananof.co.il%2Fmedia%2Fcatalog%2Fproduct%2Fcache%2F7d40ab1d2c85da43a7701c1338d70a16%2F3%2F7%2F370704_7290110558437.jpg&w=384&q=75 2x"
YES,YES,milk_or_beverage_with_liquid_signal,8000215204561,משקה שקדים אורגני,,משקה שקדים,"משקה שקדים אורגני
נטורפוד | 1 ליטר
‏16.90 ‏₪
‏16.90 ‏₪ / 1 ליטר",משקה שקדים אורגני,"https://yochananof.co.il/_next/image?url=https%3A%2F%2Fapi.yochananof.co.il%2Fmedia%2Fcatalog%2Fproduct%2Fcache%2F7d40ab1d2c85da43a7701c1338d70a16%2F8%2F0%2F8000215204561_s106-26-2022_08-11-29.jpg&w=256&q=75 /_next/image?url=https%3A%2F%2Fapi.yochananof.co.il%2Fmedia%2Fcatalog%2Fproduct%2Fcache%2F7d40ab1d2c85da43a7701c1338d70a16%2F8%2F0%2F8000215204561_s106-26-2022_08-11-29.jpg&w=256&q=75 1x, /_next/image?url=https%3A%2F%2Fapi.yochananof.co.il%2Fmedia%2Fcatalog%2Fproduct%2Fcache%2F7d40ab1d2c85da43a7701c1338d70a16%2F8%2F0%2F8000215204561_s106-26-2022_08-11-29.jpg&w=384&q=75 2x"
YES,YES,milk_or_beverage_with_liquid_signal,7290110324773,"משקה חלב גו 27 גרם חלבון 2% בטעם וניל 340 מ""ל",,משקה קוקוס,"משקה חלב גו 27 גרם חלבון 2% בטעם וניל 340 מ""ל
תנובה | 340 מ""ל
‏8.20 ‏₪
‏2.41 ‏₪ / 100 מ""ל","משקה חלב גו 27 גרם חלבון 2% בטעם וניל 340 מ""ל","https://yochananof.co.il/_next/image?url=https%3A%2F%2Fapi.yochananof.co.il%2Fmedia%2Fcatalog%2Fproduct%2Fcache%2F7d40ab1d2c85da43a7701c1338d70a16%2F7%2F2%2F7290110324773_s1_1509-28-2025_06-15-27.jpg&w=256&q=75 /_next/image?url=https%3A%2F%2Fapi.yochananof.co.il%2Fmedia%2Fcatalog%2Fproduct%2Fcache%2F7d40ab1d2c85da43a7701c1338d70a16%2F7%2F2%2F7290110324773_s1_1509-28-2025_06-15-27.jpg&w=256&q=75 1x, /_next/image?url=https%3A%2F%2Fapi.yochananof.co.il%2Fmedia%2Fcatalog%2Fproduct%2Fcache%2F7d40ab1d2c85da43a7701c1338d70a16%2F7%2F2%2F7290110324773_s1_1509-28-2025_06-15-27.jpg&w=384&q=75 2x"
YES,YES,milk_or_beverage_with_liquid_signal,8000215204219,משקה אורז אורגני,,משקה אורז,"משקה אורז אורגני
ויטאריז | 1 ליטר
2 יח' ב- ‏25 ₪
‏14.90 ‏₪
‏14.90 ‏₪ / 1 ליטר",משקה אורז אורגני,"https://yochananof.co.il/_next/image?url=https%3A%2F%2Fapi.yochananof.co.il%2Fmedia%2Fcatalog%2Fproduct%2Fcache%2F7d40ab1d2c85da43a7701c1338d70a16%2F8%2F0%2F8000215204219_s103-08-2021_13-22-47.jpg&w=256&q=75 /_next/image?url=https%3A%2F%2Fapi.yochananof.co.il%2Fmedia%2Fcatalog%2Fproduct%2Fcache%2F7d40ab1d2c85da43a7701c1338d70a16%2F8%2F0%2F8000215204219_s103-08-2021_13-22-47.jpg&w=256&q=75 1x, /_next/image?url=https%3A%2F%2Fapi.yochananof.co.il%2Fmedia%2Fcatalog%2Fproduct%2Fcache%2F7d40ab1d2c85da43a7701c1338d70a16%2F8%2F0%2F8000215204219_s103-08-2021_13-22-47.jpg&w=384&q=75 2x"
YES,YES,milk_or_beverage_with_liquid_signal,8000215204554,משקה אורז קוקוס אורגני,,משקה אורז,"משקה אורז קוקוס אורגני
ויטאריז | 1 ליטר
2 יח' ב- ‏25 ₪
‏14.90 ‏₪
‏14.90 ‏₪ / 1 ליטר",משקה אורז קוקוס אורגני,"https://yochananof.co.il/_next/image?url=https%3A%2F%2Fapi.yochananof.co.il%2Fmedia%2Fcatalog%2Fproduct%2Fcache%2F7d40ab1d2c85da43a7701c1338d70a16%2F8%2F0%2F8000215204554_s103-08-2021_13-18-29.jpg&w=256&q=75 /_next/image?url=https%3A%2F%2Fapi.yochananof.co.il%2Fmedia%2Fcatalog%2Fproduct%2Fcache%2F7d40ab1d2c85da43a7701c1338d70a16%2F8%2F0%2F8000215204554_s103-08-2021_13-18-29.jpg&w=256&q=75 1x, /_next/image?url=https%3A%2F%2Fapi.yochananof.co.il%2Fmedia%2Fcatalog%2Fproduct%2Fcache%2F7d40ab1d2c85da43a7701c1338d70a16%2F8%2F0%2F8000215204554_s103-08-2021_13-18-29.jpg&w=384&q=75 2x"
YES,YES,milk_or_beverage_with_liquid_signal,8000215204394,משקה אורז אגוזי לוז אורגני,,משקה אורז,"משקה אורז אגוזי לוז אורגני
ויטאריז | 1 ליטר
‏15.90 ‏₪
‏18.90 ‏₪
‏15.90 ‏₪ / 1 ליטר",משקה אורז אגוזי לוז אורגני,"https://yochananof.co.il/_next/image?url=https%3A%2F%2Fapi.yochananof.co.il%2Fmedia%2Fcatalog%2Fproduct%2Fcache%2F7d40ab1d2c85da43a7701c1338d70a16%2F8%2F0%2F8000215204394_s103-08-2021_10-49-00.jpg&w=256&q=75 /_next/image?url=https%3A%2F%2Fapi.yochananof.co.il%2Fmedia%2Fcatalog%2Fproduct%2Fcache%2F7d40ab1d2c85da43a7701c1338d70a16%2F8%2F0%2F8000215204394_s103-08-2021_10-49-00.jpg&w=256&q=75 1x, /_next/image?url=https%3A%2F%2Fapi.yochananof.co.il%2Fmedia%2Fcatalog%2Fproduct%2Fcache%2F7d40ab1d2c85da43a7701c1338d70a16%2F8%2F0%2F8000215204394_s103-08-2021_10-49-00.jpg&w=384&q=75 2x"
YES,YES,milk_or_beverage_with_liquid_signal,5411188124689,אלפרו שיבולת שועל ללא סוכר,,משקה אורז,"אלפרו שיבולת שועל ללא סוכר
אלפרו | 1 ליטר
2 יח' ב- ‏24 ₪
‏14.90 ‏₪
‏14.90 ‏₪ / 1 ליטר
משקה סויה מועשר
תנובה אלטרנטיב | 1 ליטר
‏10.60 ‏₪
‏10.60 ‏₪ / 1 ליטר
משקה סויה בטעם וניל
תנובה אלטרנטיב | 1 ליטר
‏10.60 ‏₪
‏10.60 ‏₪ / 1 ליטר",אלפרו שיבולת שועל ללא סוכר,"https://yochananof.co.il/_next/image?url=https%3A%2F%2Fapi.yochananof.co.il%2Fmedia%2Fcatalog%2Fproduct%2Fcache%2F7d40ab1d2c85da43a7701c1338d70a16%2F3%2F6%2F360830_5411188124689.jpg&w=256&q=75 /_next/image?url=https%3A%2F%2Fapi.yochananof.co.il%2Fmedia%2Fcatalog%2Fproduct%2Fcache%2F7d40ab1d2c85da43a7701c1338d70a16%2F3%2F6%2F360830_5411188124689.jpg&w=256&q=75 1x, /_next/image?url=https%3A%2F%2Fapi.yochananof.co.il%2Fmedia%2Fcatalog%2Fproduct%2Fcache%2F7d40ab1d2c85da43a7701c1338d70a16%2F3%2F6%2F360830_5411188124689.jpg&w=384&q=75 2x"
YES,YES,milk_or_beverage_with_liquid_signal,5411188112709,אלפרו שקדים ללא סוכר,,Alpro,"אלפרו שקדים ללא סוכר
אלפרו | 1 ליטר
2 יח' ב- ‏24 ₪
‏14.90 ‏₪
‏14.90 ‏₪ / 1 ליטר
אלפרו סויה ללא סוכר
אלפרו | 1 ליטר
2 יח' ב- ‏24 ₪
‏14.90 ‏₪
‏14.90 ‏₪ / 1 ליטר
אלפרו בריסטה שיבולת שועל
אלפרו | 1 ליטר
2 יח' ב- ‏24 ₪
‏14.90 ‏₪
‏14.90 ‏₪ / 1 ליטר
אלפרו סויה
אלפרו | 1 ליטר
2 יח' ב- ‏24 ₪
‏14.90 ‏₪
‏14.90 ‏₪ / 1 ליטר
אלפרו סויה לבישול 4.7% שומן
אלפרו | 250 מ""ל
2 יח' ב- ‏18 ₪
‏9.90 ‏₪
‏3.96 ‏₪ / 100 מ""ל
אלפרו שקדים
אלפרו | 1 ליטר
2 יח' ב- ‏24 ₪
‏14.90 ‏₪
‏14.90 ‏₪ / 1 ליטר
אלפרו בריסטה שקדים
אלפרו | 1 ליטר
2 יח' ב- ‏24 ₪
‏14.90 ‏₪
‏14.90 ‏₪ / 1 ליטר
אלפרו בריסטה סויה
אלפרו | 1 ליטר
2 יח' ב- ‏24 ₪
‏14.90 ‏₪
‏14.90 ‏₪ / 1 ליטר
אלפרו סויה לבישול 14% שומן
אלפרו | 250 מ""ל
2 יח' ב- ‏18 ₪
‏9.90 ‏₪
‏3.96 ‏₪ / 100 מ""ל
אלפרו שיבולת שועל ללא סוכר
אלפרו | 1 ליטר
2 יח' ב- ‏24 ₪
‏14.90 ‏₪
‏14.90 ‏₪ / 1 ליטר
אלפרו שוקו משקה סויה
אלפרו | 1 ליטר
2 יח' ב- ‏24 ₪
‏14.90 ‏₪
‏14.90 ‏₪ / 1 ליטר
אלפרו שקדים קר
אלפרו | 1 ליטר
‏9.90 ‏₪
‏13.90 ‏₪
‏9.90 ‏₪ / 1 ליטר
משקה סויה בריסטה אלפרו 500 מ""ל
אלפרו | 500 מ""ל
‏6.90 ‏₪
‏1.38 ‏₪ / 100 מ""ל
אלפרו סויה בטעם וניל
אלפרו | 1 ליטר
2 יח' ב- ‏24 ₪
‏14.90 ‏₪
‏14.90 ‏₪ / 1 ליטר
מעדן סויה בטעם שוקולד מריר
אלפרו | 500 מ""ל
‏16.90 ‏₪
‏3.38 ‏₪ / 100 מ""ל
מעדן סויה בטעם וניל
אלפרו | 500 גרם
‏16.90 ‏₪
‏3.38 ‏₪ / 100 גרם
מעדן סויה בטעם שוקו
אלפרו | 500 גרם
‏16.90 ‏₪
‏3.38 ‏₪ / 100 גרם
אלפרו שיבולת שועל 1.8% שומן
אלפרו | 1 ליטר
‏13.90 ‏₪
‏13.90 ‏₪ / 1 ליטר
משקה סויה בטעם סחלב אלפרו 750 מ""ל
אלפרו | 750 מ""ל
במבצע ‏10.90 ₪
‏12.90 ‏₪
‏1.72 ‏₪ / 100 מ""ל",אלפרו שקדים ללא סוכר,"https://yochananof.co.il/_next/image?url=https%3A%2F%2Fapi.yochananof.co.il%2Fmedia%2Fcatalog%2Fproduct%2Fcache%2F7d40ab1d2c85da43a7701c1338d70a16%2F3%2F5%2F355921_5411188112709.jpg&w=256&q=75 /_next/image?url=https%3A%2F%2Fapi.yochananof.co.il%2Fmedia%2Fcatalog%2Fproduct%2Fcache%2F7d40ab1d2c85da43a7701c1338d70a16%2F3%2F5%2F355921_5411188112709.jpg&w=256&q=75 1x, /_next/image?url=https%3A%2F%2Fapi.yochananof.co.il%2Fmedia%2Fcatalog%2Fproduct%2Fcache%2F7d40ab1d2c85da43a7701c1338d70a16%2F3%2F5%2F355921_5411188112709.jpg&w=384&q=75 2x"
YES,YES,milk_or_beverage_with_liquid_signal,5411188300328,אלפרו שוקו משקה סויה,,Alpro,"אלפרו שוקו משקה סויה
אלפרו | 1 ליטר
2 יח' ב- ‏24 ₪
‏14.90 ‏₪
‏14.90 ‏₪ / 1 ליטר",אלפרו שוקו משקה סויה,"https://yochananof.co.il/_next/image?url=https%3A%2F%2Fapi.yochananof.co.il%2Fmedia%2Fcatalog%2Fproduct%2Fcache%2F7d40ab1d2c85da43a7701c1338d70a16%2F3%2F5%2F355900_5411188300328_4.jpg&w=256&q=75 /_next/image?url=https%3A%2F%2Fapi.yochananof.co.il%2Fmedia%2Fcatalog%2Fproduct%2Fcache%2F7d40ab1d2c85da43a7701c1338d70a16%2F3%2F5%2F355900_5411188300328_4.jpg&w=256&q=75 1x, /_next/image?url=https%3A%2F%2Fapi.yochananof.co.il%2Fmedia%2Fcatalog%2Fproduct%2Fcache%2F7d40ab1d2c85da43a7701c1338d70a16%2F3%2F5%2F355900_5411188300328_4.jpg&w=384&q=75 2x"
YES,YES,milk_or_beverage_with_liquid_signal,8000215204677,משקה שיבולת אורגני בריסטה,,Oatly,"משקה שיבולת אורגני בריסטה
ויטאריז | 1 ליטר
2 יח' ב- ‏25 ₪
‏14.90 ‏₪
‏14.90 ‏₪ / 1 ליטר",משקה שיבולת אורגני בריסטה,"https://yochananof.co.il/_next/image?url=https%3A%2F%2Fapi.yochananof.co.il%2Fmedia%2Fcatalog%2Fproduct%2Fcache%2F7d40ab1d2c85da43a7701c1338d70a16%2F8%2F0%2F8000215204677_s112-26-2021_10-26-33.jpg&w=256&q=75 /_next/image?url=https%3A%2F%2Fapi.yochananof.co.il%2Fmedia%2Fcatalog%2Fproduct%2Fcache%2F7d40ab1d2c85da43a7701c1338d70a16%2F8%2F0%2F8000215204677_s112-26-2021_10-26-33.jpg&w=256&q=75 1x, /_next/image?url=https%3A%2F%2Fapi.yochananof.co.il%2Fmedia%2Fcatalog%2Fproduct%2Fcache%2F7d40ab1d2c85da43a7701c1338d70a16%2F8%2F0%2F8000215204677_s112-26-2021_10-26-33.jpg&w=384&q=75 2x"
YES,YES,milk_or_beverage_with_liquid_signal,,חלב 3% בקרטון 1 ליטר - מחיר בפיקוח ממשלתי,,משקה צמחי חלב,"חלב 3% בקרטון 1 ליטר - מחיר בפיקוח ממשלתי
חלב תנובה | 1 ליטר
‏7.28 ‏₪
‏7.28 ‏₪ / 1 ליטר",חלב 3% בקרטון 1 ליטר - מחיר בפיקוח ממשלתי,"https://yochananof.co.il/_next/image?url=https%3A%2F%2Fapi.yochananof.co.il%2Fmedia%2Fcatalog%2Fproduct%2Fcache%2F7d40ab1d2c85da43a7701c1338d70a16%2F4%2Ff%2F4fd1b67388f8e34b37a9f715650f820c7576b608249c191c0a9e127c1b4a8423.jpeg&w=256&q=75 /_next/image?url=https%3A%2F%2Fapi.yochananof.co.il%2Fmedia%2Fcatalog%2Fproduct%2Fcache%2F7d40ab1d2c85da43a7701c1338d70a16%2F4%2Ff%2F4fd1b67388f8e34b37a9f715650f820c7576b608249c191c0a9e127c1b4a8423.jpeg&w=256&q=75 1x, /_next/image?url=https%3A%2F%2Fapi.yochananof.co.il%2Fmedia%2Fcatalog%2Fproduct%2Fcache%2F7d40ab1d2c85da43a7701c1338d70a16%2F4%2Ff%2F4fd1b67388f8e34b37a9f715650f820c7576b608249c191c0a9e127c1b4a8423.jpeg&w=384&q=75 2x"
YES,REVIEW,known_brand_needs_review,7394376619939,משקה בריסטה שיבולת שועל,,חלב חצי שמן,"משקה בריסטה שיבולת שועל
אוטלי | 500 מ""ל
‏10.90 ‏₪
‏2.18 ‏₪ / 100 מ""ל",משקה בריסטה שיבולת שועל,"https://yochananof.co.il/_next/image?url=https%3A%2F%2Fapi.yochananof.co.il%2Fmedia%2Fcatalog%2Fproduct%2Fcache%2F7d40ab1d2c85da43a7701c1338d70a16%2F7%2F3%2F7394376619939_s103-10-2024_12-41-48.jpg&w=256&q=75 /_next/image?url=https%3A%2F%2Fapi.yochananof.co.il%2Fmedia%2Fcatalog%2Fproduct%2Fcache%2F7d40ab1d2c85da43a7701c1338d70a16%2F7%2F3%2F7394376619939_s103-10-2024_12-41-48.jpg&w=256&q=75 1x, /_next/image?url=https%3A%2F%2Fapi.yochananof.co.il%2Fmedia%2Fcatalog%2Fproduct%2Fcache%2F7d40ab1d2c85da43a7701c1338d70a16%2F7%2F3%2F7394376619939_s103-10-2024_12-41-48.jpg&w=384&q=75 2x"
NO,REVIEW,known_brand_needs_review,7290114311014,"משקה אייס קפוצ'ינו 250 מ""ל",,חלב ללא לקטוז,"משקה אייס קפוצ'ינו 250 מ""ל
טרה | 250 מ""ל
‏5.70 ‏₪
‏2.28 ‏₪ / 100 מ""ל","משקה אייס קפוצ'ינו 250 מ""ל","https://yochananof.co.il/_next/image?url=https%3A%2F%2Fapi.yochananof.co.il%2Fmedia%2Fcatalog%2Fproduct%2Fcache%2F7d40ab1d2c85da43a7701c1338d70a16%2F7%2F2%2F729011431101411-30-2022_12-36-31.jpg&w=256&q=75 /_next/image?url=https%3A%2F%2Fapi.yochananof.co.il%2Fmedia%2Fcatalog%2Fproduct%2Fcache%2F7d40ab1d2c85da43a7701c1338d70a16%2F7%2F2%2F729011431101411-30-2022_12-36-31.jpg&w=256&q=75 1x, /_next/image?url=https%3A%2F%2Fapi.yochananof.co.il%2Fmedia%2Fcatalog%2Fproduct%2Fcache%2F7d40ab1d2c85da43a7701c1338d70a16%2F7%2F2%2F729011431101411-30-2022_12-36-31.jpg&w=384&q=75 2x"
NO,REVIEW,milk_type_missing_liquid_signal,,גבינת עז מה 5%.,,חלב עז,"גבינת עז מה 5%.
מעדניה חלבית | 1000 גרם
‏60.00 ‏₪
‏6.00 ‏₪ / 100 גרם",גבינת עז מה 5%.,"https://yochananof.co.il/_next/image?url=https%3A%2F%2Fapi.yochananof.co.il%2Fmedia%2Fcatalog%2Fproduct%2Fcache%2F7d40ab1d2c85da43a7701c1338d70a16%2F1%2F2%2F1258439.jpg&w=256&q=75 /_next/image?url=https%3A%2F%2Fapi.yochananof.co.il%2Fmedia%2Fcatalog%2Fproduct%2Fcache%2F7d40ab1d2c85da43a7701c1338d70a16%2F1%2F2%2F1258439.jpg&w=256&q=75 1x, /_next/image?url=https%3A%2F%2Fapi.yochananof.co.il%2Fmedia%2Fcatalog%2Fproduct%2Fcache%2F7d40ab1d2c85da43a7701c1338d70a16%2F1%2F2%2F1258439.jpg&w=384&q=75 2x"
NO,REVIEW,milk_type_missing_liquid_signal,,גאודה-תום עזים במשקל 30%,,חלב עז,"גאודה-תום עזים במשקל 30%
מעדניה חלבית | 1000 גרם
‏159.00 ‏₪
‏15.90 ‏₪ / 100 גרם",גאודה-תום עזים במשקל 30%,"https://yochananof.co.il/_next/image?url=https%3A%2F%2Fapi.yochananof.co.il%2Fmedia%2Fcatalog%2Fproduct%2Fcache%2F7d40ab1d2c85da43a7701c1338d70a16%2F5%2F7%2F571188.jpg&w=256&q=75 /_next/image?url=https%3A%2F%2Fapi.yochananof.co.il%2Fmedia%2Fcatalog%2Fproduct%2Fcache%2F7d40ab1d2c85da43a7701c1338d70a16%2F5%2F7%2F571188.jpg&w=256&q=75 1x, /_next/image?url=https%3A%2F%2Fapi.yochananof.co.il%2Fmedia%2Fcatalog%2Fproduct%2Fcache%2F7d40ab1d2c85da43a7701c1338d70a16%2F5%2F7%2F571188.jpg&w=384&q=75 2x"
YES,REVIEW,known_brand_needs_review,7394376621451,משקה בריסטה שיבולת שועל להקצפה,,משקה שיבולת שועל,"משקה בריסטה שיבולת שועל להקצפה
אוטלי | 1 ליטר
‏15.90 ‏₪
‏15.90 ‏₪ / 1 ליטר",משקה בריסטה שיבולת שועל להקצפה,"https://yochananof.co.il/_next/image?url=https%3A%2F%2Fapi.yochananof.co.il%2Fmedia%2Fcatalog%2Fproduct%2Fcache%2F7d40ab1d2c85da43a7701c1338d70a16%2F7%2F3%2F7394376621451_s101-21-2024_12-00-00.jpg&w=256&q=75 /_next/image?url=https%3A%2F%2Fapi.yochananof.co.il%2Fmedia%2Fcatalog%2Fproduct%2Fcache%2F7d40ab1d2c85da43a7701c1338d70a16%2F7%2F3%2F7394376621451_s101-21-2024_12-00-00.jpg&w=256&q=75 1x, /_next/image?url=https%3A%2F%2Fapi.yochananof.co.il%2Fmedia%2Fcatalog%2Fproduct%2Fcache%2F7d40ab1d2c85da43a7701c1338d70a16%2F7%2F3%2F7394376621451_s101-21-2024_12-00-00.jpg&w=384&q=75 2x"
NO,REJECT,hard_exclude:קפה,7290110577254,"יטבתה פרו קפה ללא סוכר 350 מ""ל",,חלב 1%,"יטבתה פרו קפה ללא סוכר 350 מ""ל
יטבתה | 350 מ""ל
‏7.20 ‏₪
‏2.06 ‏₪ / 100 מ""ל
צהובה הולנדית 1 ק""ג
כפיר | 1 ק""ג
‏38.90 ‏₪
‏38.90 ‏₪ / 1 ק""ג
תנובה גו קולגן אייס קפה 340 מ""ל
תנובה | 340 מ""ל
‏8.20 ‏₪
‏2.41 ‏₪ / 100 מ""ל
חלב טבעי 4% 1 ליטר
מחלבות רמת הגולן | 1 ליטר
‏8.60 ‏₪
‏8.60 ‏₪ / 1 ליטר","יטבתה פרו קפה ללא סוכר 350 מ""ל","https://yochananof.co.il/_next/image?url=https%3A%2F%2Fapi.yochananof.co.il%2Fmedia%2Fcatalog%2Fproduct%2Fcache%2F7d40ab1d2c85da43a7701c1338d70a16%2F3%2F6%2F364773_7290110577254.jpg&w=256&q=75 /_next/image?url=https%3A%2F%2Fapi.yochananof.co.il%2Fmedia%2Fcatalog%2Fproduct%2Fcache%2F7d40ab1d2c85da43a7701c1338d70a16%2F3%2F6%2F364773_7290110577254.jpg&w=256&q=75 1x, /_next/image?url=https%3A%2F%2Fapi.yochananof.co.il%2Fmedia%2Fcatalog%2Fproduct%2Fcache%2F7d40ab1d2c85da43a7701c1338d70a16%2F3%2F6%2F364773_7290110577254.jpg&w=384&q=75 2x"
NO,REJECT,hard_exclude:קפה,7290110577261,"יטבתה פרו שוקולד אגוזים ללא סוכר 350 מ""ל",,חלב דל שומן,"יטבתה פרו שוקולד אגוזים ללא סוכר 350 מ""ל
יטבתה | 350 מ""ל
‏7.20 ‏₪
‏2.06 ‏₪ / 100 מ""ל
מולר פרוטאין משקה חלבון בטעם קפה 25גרם חלבון 0%שומן
מולר | 350 מ""ל
‏8.50 ‏₪
‏2.43 ‏₪ / 100 מ""ל
קינדר דליס 10 יח'
קינדר | 10 יח'
במבצע ‏14.90 ₪
בכפוף לתנאי המבצע
‏23.90 ‏₪
‏2.39 ‏₪ / 1 יח'
מילקה - שוקולד חלב 90 גרם
מילקה | 90 גרם
2 יח' ב- ‏16 ₪
‏8.90 ‏₪
‏9.89 ‏₪ / 100 גרם","יטבתה פרו שוקולד אגוזים ללא סוכר 350 מ""ל","https://yochananof.co.il/_next/image?url=https%3A%2F%2Fapi.yochananof.co.il%2Fmedia%2Fcatalog%2Fproduct%2Fcache%2F7d40ab1d2c85da43a7701c1338d70a16%2F3%2F6%2F364774_7290110577261.jpg&w=256&q=75 /_next/image?url=https%3A%2F%2Fapi.yochananof.co.il%2Fmedia%2Fcatalog%2Fproduct%2Fcache%2F7d40ab1d2c85da43a7701c1338d70a16%2F3%2F6%2F364774_7290110577261.jpg&w=256&q=75 1x, /_next/image?url=https%3A%2F%2Fapi.yochananof.co.il%2Fmedia%2Fcatalog%2Fproduct%2Fcache%2F7d40ab1d2c85da43a7701c1338d70a16%2F3%2F6%2F364774_7290110577261.jpg&w=384&q=75 2x"
NO,REJECT,hard_exclude:קפה,7290114313278,מולר פרוטאין משקה חלבון בטעם קפה 25גרם חלבון 0%שומן,,חלב דל שומן,"מולר פרוטאין משקה חלבון בטעם קפה 25גרם חלבון 0%שומן
מולר | 350 מ""ל
‏8.50 ‏₪
‏2.43 ‏₪ / 100 מ""ל",מולר פרוטאין משקה חלבון בטעם קפה 25גרם חלבון 0%שומן,"https://yochananof.co.il/_next/image?url=https%3A%2F%2Fapi.yochananof.co.il%2Fmedia%2Fcatalog%2Fproduct%2Fcache%2F7d40ab1d2c85da43a7701c1338d70a16%2F7%2F2%2F729011431327805-12-2025_08-48-35.jpg&w=256&q=75 /_next/image?url=https%3A%2F%2Fapi.yochananof.co.il%2Fmedia%2Fcatalog%2Fproduct%2Fcache%2F7d40ab1d2c85da43a7701c1338d70a16%2F7%2F2%2F729011431327805-12-2025_08-48-35.jpg&w=256&q=75 1x, /_next/image?url=https%3A%2F%2Fapi.yochananof.co.il%2Fmedia%2Fcatalog%2Fproduct%2Fcache%2F7d40ab1d2c85da43a7701c1338d70a16%2F7%2F2%2F729011431327805-12-2025_08-48-35.jpg&w=384&q=75 2x"
NO,REJECT,hard_exclude:לבן,7290110557379,מילקי טופ בטעם קורנפלקס עם חלב,,חלב שוקולד,"מילקי טופ בטעם קורנפלקס עם חלב
מילקי | 144 גרם
‏4.80 ‏₪
‏3.33 ‏₪ / 100 גרם
החלב החדש מושלם לקפה גד רימילק 750 מ""ל
מחלבות גד | 750 מ""ל
2 יח' ב- ‏20 ₪
‏12.90 ‏₪
‏1.72 ‏₪ / 100 מ""ל
חלב בקרטון 3% 2 ליטר מהדרין - מחיר בפיקוח ממשלתי
טרה | 2 ליטר
‏14.56 ‏₪
‏7.28 ‏₪ / 1 ליטר
דנונה בר עם קורנפלקס מצופה שוק' חלב ולבן
דנונה | 172 גרם
‏4.90 ‏₪
‏2.85 ‏₪ / 100 גרם
חלב 3% בקבוק 2 ליטר
יטבתה | 2 ליטר
‏16.90 ‏₪
‏8.45 ‏₪ / 1 ליטר",מילקי טופ בטעם קורנפלקס עם חלב,"https://yochananof.co.il/_next/image?url=https%3A%2F%2Fapi.yochananof.co.il%2Fmedia%2Fcatalog%2Fproduct%2Fcache%2F7d40ab1d2c85da43a7701c1338d70a16%2F3%2F6%2F362090_7290110557379.jpg&w=256&q=75 /_next/image?url=https%3A%2F%2Fapi.yochananof.co.il%2Fmedia%2Fcatalog%2Fproduct%2Fcache%2F7d40ab1d2c85da43a7701c1338d70a16%2F3%2F6%2F362090_7290110557379.jpg&w=256&q=75 1x, /_next/image?url=https%3A%2F%2Fapi.yochananof.co.il%2Fmedia%2Fcatalog%2Fproduct%2Fcache%2F7d40ab1d2c85da43a7701c1338d70a16%2F3%2F6%2F362090_7290110557379.jpg&w=384&q=75 2x"
NO,REJECT,hard_exclude:קפה,7290019635741,"החלב החדש מושלם לקפה גד רימילק 750 מ""ל",,חלב שוקולד,"החלב החדש מושלם לקפה גד רימילק 750 מ""ל
מחלבות גד | 750 מ""ל
2 יח' ב- ‏20 ₪
‏12.90 ‏₪
‏1.72 ‏₪ / 100 מ""ל","החלב החדש מושלם לקפה גד רימילק 750 מ""ל","https://yochananof.co.il/_next/image?url=https%3A%2F%2Fapi.yochananof.co.il%2Fmedia%2Fcatalog%2Fproduct%2Fcache%2F7d40ab1d2c85da43a7701c1338d70a16%2F7%2F2%2F7290019635741_s1_1512-16-2025_07-16-40.jpg&w=256&q=75 /_next/image?url=https%3A%2F%2Fapi.yochananof.co.il%2Fmedia%2Fcatalog%2Fproduct%2Fcache%2F7d40ab1d2c85da43a7701c1338d70a16%2F7%2F2%2F7290019635741_s1_1512-16-2025_07-16-40.jpg&w=256&q=75 1x, /_next/image?url=https%3A%2F%2Fapi.yochananof.co.il%2Fmedia%2Fcatalog%2Fproduct%2Fcache%2F7d40ab1d2c85da43a7701c1338d70a16%2F7%2F2%2F7290019635741_s1_1512-16-2025_07-16-40.jpg&w=384&q=75 2x"
NO,REJECT,hard_exclude:חטיף,7290119371112,חטיף חלבון בטעם קרמל בציפוי שוקולד חלב ואגוזי לוז,,חלב עשיר בחלבון,"חטיף חלבון בטעם קרמל בציפוי שוקולד חלב ואגוזי לוז
PRO | 60 גרם
‏14.90 ‏₪
‏24.83 ‏₪ / 100 גרם",חטיף חלבון בטעם קרמל בציפוי שוקולד חלב ואגוזי לוז,"https://yochananof.co.il/_next/image?url=https%3A%2F%2Fapi.yochananof.co.il%2Fmedia%2Fcatalog%2Fproduct%2Fcache%2F7d40ab1d2c85da43a7701c1338d70a16%2F3%2F6%2F366363_7290119371112.jpg&w=256&q=75 /_next/image?url=https%3A%2F%2Fapi.yochananof.co.il%2Fmedia%2Fcatalog%2Fproduct%2Fcache%2F7d40ab1d2c85da43a7701c1338d70a16%2F3%2F6%2F366363_7290119371112.jpg&w=256&q=75 1x, /_next/image?url=https%3A%2F%2Fapi.yochananof.co.il%2Fmedia%2Fcatalog%2Fproduct%2Fcache%2F7d40ab1d2c85da43a7701c1338d70a16%2F3%2F6%2F366363_7290119371112.jpg&w=384&q=75 2x"
NO,REJECT,hard_exclude:חטיף,7290119377411,דנונה פרו 25 טבעי,,חלב עשיר בחלבון,"דנונה פרו 25 טבעי
דנונה | 215 גרם
‏6.90 ‏₪
‏3.21 ‏₪ / 100 גרם
דנונה פרו 21 גר 0% שומן
דנונה | 200 גרם
5 יח' ב- ‏28 ₪
‏5.90 ‏₪
‏2.95 ‏₪ / 100 גרם
חטיף חלבון בטעם בוטנים קרמל
אול אין | 60 גרם
‏14.90 ‏₪
‏24.83 ‏₪ / 100 גרם
מארז סלמי תה מעושן וחרמון עוף והודו
זוגלובק | 800 גרם
‏29.90 ‏₪
‏3.74 ‏₪ / 100 גרם",דנונה פרו 25 טבעי,"https://yochananof.co.il/_next/image?url=https%3A%2F%2Fapi.yochananof.co.il%2Fmedia%2Fcatalog%2Fproduct%2Fcache%2F7d40ab1d2c85da43a7701c1338d70a16%2F3%2F6%2F368631_7290119377411.jpg&w=256&q=75 /_next/image?url=https%3A%2F%2Fapi.yochananof.co.il%2Fmedia%2Fcatalog%2Fproduct%2Fcache%2F7d40ab1d2c85da43a7701c1338d70a16%2F3%2F6%2F368631_7290119377411.jpg&w=256&q=75 1x, /_next/image?url=https%3A%2F%2Fapi.yochananof.co.il%2Fmedia%2Fcatalog%2Fproduct%2Fcache%2F7d40ab1d2c85da43a7701c1338d70a16%2F3%2F6%2F368631_7290119377411.jpg&w=384&q=75 2x"
NO,REJECT,hard_exclude:חטיף,7290018043899,חטיף חלבון בטעם בוטנים קרמל,,חלב עשיר בחלבון,"חטיף חלבון בטעם בוטנים קרמל
אול אין | 60 גרם
‏14.90 ‏₪
‏24.83 ‏₪ / 100 גרם",חטיף חלבון בטעם בוטנים קרמל,"https://yochananof.co.il/_next/image?url=https%3A%2F%2Fapi.yochananof.co.il%2Fmedia%2Fcatalog%2Fproduct%2Fcache%2F7d40ab1d2c85da43a7701c1338d70a16%2F7%2F2%2F7290018043899_s1_1501-22-2024_09-21-13.jpg&w=256&q=75 /_next/image?url=https%3A%2F%2Fapi.yochananof.co.il%2Fmedia%2Fcatalog%2Fproduct%2Fcache%2F7d40ab1d2c85da43a7701c1338d70a16%2F7%2F2%2F7290018043899_s1_1501-22-2024_09-21-13.jpg&w=256&q=75 1x, /_next/image?url=https%3A%2F%2Fapi.yochananof.co.il%2Fmedia%2Fcatalog%2Fproduct%2Fcache%2F7d40ab1d2c85da43a7701c1338d70a16%2F7%2F2%2F7290018043899_s1_1501-22-2024_09-21-13.jpg&w=384&q=75 2x"
NO,REJECT,not_milk_or_beverage,7290119388509,"משקה יטבתה פרו לל""ס 40 קרמל מלוח 350 מ""ל",,חלב ללא לקטוז,"משקה יטבתה פרו לל""ס 40 קרמל מלוח 350 מ""ל
יטבתה | 350 מ""ל
‏10.90 ‏₪
‏3.11 ‏₪ / 100 מ""ל","משקה יטבתה פרו לל""ס 40 קרמל מלוח 350 מ""ל","https://yochananof.co.il/_next/image?url=https%3A%2F%2Fapi.yochananof.co.il%2Fmedia%2Fcatalog%2Fproduct%2Fcache%2F7d40ab1d2c85da43a7701c1338d70a16%2F3%2F7%2F370334_7290119388509.jpg&w=256&q=75 /_next/image?url=https%3A%2F%2Fapi.yochananof.co.il%2Fmedia%2Fcatalog%2Fproduct%2Fcache%2F7d40ab1d2c85da43a7701c1338d70a16%2F3%2F7%2F370334_7290119388509.jpg&w=256&q=75 1x, /_next/image?url=https%3A%2F%2Fapi.yochananof.co.il%2Fmedia%2Fcatalog%2Fproduct%2Fcache%2F7d40ab1d2c85da43a7701c1338d70a16%2F3%2F7%2F370334_7290119388509.jpg&w=384&q=75 2x"
NO,REJECT,hard_exclude:שמנת,7290006492630,גבינת שמנת מחלב עיזים גדעז 16% 180 גרם,,חלב עז,"גבינת שמנת מחלב עיזים גדעז 16% 180 גרם
גד | 180 גרם
‏26.90 ‏₪
‏14.94 ‏₪ / 100 גרם",גבינת שמנת מחלב עיזים גדעז 16% 180 גרם,"https://yochananof.co.il/_next/image?url=https%3A%2F%2Fapi.yochananof.co.il%2Fmedia%2Fcatalog%2Fproduct%2Fcache%2F7d40ab1d2c85da43a7701c1338d70a16%2F7%2F2%2F7290006492630_s1_1510-02-2022_08-22-31.jpg&w=256&q=75 /_next/image?url=https%3A%2F%2Fapi.yochananof.co.il%2Fmedia%2Fcatalog%2Fproduct%2Fcache%2F7d40ab1d2c85da43a7701c1338d70a16%2F7%2F2%2F7290006492630_s1_1510-02-2022_08-22-31.jpg&w=256&q=75 1x, /_next/image?url=https%3A%2F%2Fapi.yochananof.co.il%2Fmedia%2Fcatalog%2Fproduct%2Fcache%2F7d40ab1d2c85da43a7701c1338d70a16%2F7%2F2%2F7290006492630_s1_1510-02-2022_08-22-31.jpg&w=384&q=75 2x"
NO,REJECT,hard_exclude:גבינה,7290000045917,גבינה מותכת מחלב עיזים 23% פרומעז 200 גרם,,חלב עז,"גבינה מותכת מחלב עיזים 23% פרומעז 200 גרם
תנובה | 200 גרם
2 יח' ב- ‏40 ₪
‏28.50 ‏₪
‏14.25 ‏₪ / 100 גרם",גבינה מותכת מחלב עיזים 23% פרומעז 200 גרם,"https://yochananof.co.il/_next/image?url=https%3A%2F%2Fapi.yochananof.co.il%2Fmedia%2Fcatalog%2Fproduct%2Fcache%2F7d40ab1d2c85da43a7701c1338d70a16%2F7%2F2%2F7290000045917_s1_1505-29-2025_16-31-24.jpg&w=256&q=75 /_next/image?url=https%3A%2F%2Fapi.yochananof.co.il%2Fmedia%2Fcatalog%2Fproduct%2Fcache%2F7d40ab1d2c85da43a7701c1338d70a16%2F7%2F2%2F7290000045917_s1_1505-29-2025_16-31-24.jpg&w=256&q=75 1x, /_next/image?url=https%3A%2F%2Fapi.yochananof.co.il%2Fmedia%2Fcatalog%2Fproduct%2Fcache%2F7d40ab1d2c85da43a7701c1338d70a16%2F7%2F2%2F7290000045917_s1_1505-29-2025_16-31-24.jpg&w=384&q=75 2x"
NO,REJECT,hard_exclude:פטה,,פטה עזים מעודנת 5%,,חלב עז,"פטה עזים מעודנת 5%
מעדניה חלבית | 1000 גרם
‏136.00 ‏₪
‏13.60 ‏₪ / 100 גרם",פטה עזים מעודנת  5%,"https://yochananof.co.il/_next/image?url=https%3A%2F%2Fapi.yochananof.co.il%2Fmedia%2Fcatalog%2Fproduct%2Fcache%2F7d40ab1d2c85da43a7701c1338d70a16%2F5%2F9%2F5992858.jpg&w=256&q=75 /_next/image?url=https%3A%2F%2Fapi.yochananof.co.il%2Fmedia%2Fcatalog%2Fproduct%2Fcache%2F7d40ab1d2c85da43a7701c1338d70a16%2F5%2F9%2F5992858.jpg&w=256&q=75 1x, /_next/image?url=https%3A%2F%2Fapi.yochananof.co.il%2Fmedia%2Fcatalog%2Fproduct%2Fcache%2F7d40ab1d2c85da43a7701c1338d70a16%2F5%2F9%2F5992858.jpg&w=384&q=75 2x"
NO,REJECT,hard_exclude:קפה,7290119380824,משקה קפה קר שיבולת שועל,,משקה שיבולת שועל,"משקה קפה קר שיבולת שועל
יטבתה | 230 מ""ל
‏7.90 ‏₪
‏3.43 ‏₪ / 100 מ""ל",משקה קפה קר שיבולת שועל,"https://yochananof.co.il/_next/image?url=https%3A%2F%2Fapi.yochananof.co.il%2Fmedia%2Fcatalog%2Fproduct%2Fcache%2F7d40ab1d2c85da43a7701c1338d70a16%2F3%2F6%2F368923_7290119380824_3.jpg&w=256&q=75 /_next/image?url=https%3A%2F%2Fapi.yochananof.co.il%2Fmedia%2Fcatalog%2Fproduct%2Fcache%2F7d40ab1d2c85da43a7701c1338d70a16%2F3%2F6%2F368923_7290119380824_3.jpg&w=256&q=75 1x, /_next/image?url=https%3A%2F%2Fapi.yochananof.co.il%2Fmedia%2Fcatalog%2Fproduct%2Fcache%2F7d40ab1d2c85da43a7701c1338d70a16%2F3%2F6%2F368923_7290119380824_3.jpg&w=384&q=75 2x"
NO,REJECT,not_milk_or_beverage,5904941751302,משקה אנרגיה בלו,,משקה קוקוס,"משקה אנרגיה בלו
Blu | 250 מ""ל
4 יח' ב- ‏11 ₪
‏3.90 ‏₪
‏1.56 ‏₪ / 100 מ""ל",משקה אנרגיה בלו,"https://yochananof.co.il/_next/image?url=https%3A%2F%2Fapi.yochananof.co.il%2Fmedia%2Fcatalog%2Fproduct%2Fcache%2F7d40ab1d2c85da43a7701c1338d70a16%2F5%2F9%2F5904941751302_s1_1508-16-2020_23-00-57.jpg&w=256&q=75 /_next/image?url=https%3A%2F%2Fapi.yochananof.co.il%2Fmedia%2Fcatalog%2Fproduct%2Fcache%2F7d40ab1d2c85da43a7701c1338d70a16%2F5%2F9%2F5904941751302_s1_1508-16-2020_23-00-57.jpg&w=256&q=75 1x, /_next/image?url=https%3A%2F%2Fapi.yochananof.co.il%2Fmedia%2Fcatalog%2Fproduct%2Fcache%2F7d40ab1d2c85da43a7701c1338d70a16%2F5%2F9%2F5904941751302_s1_1508-16-2020_23-00-57.jpg&w=384&q=75 2x"
NO,REJECT,not_milk_or_beverage,5906485301012,אקס אל משקה אנרגיה,,משקה קוקוס,"אקס אל משקה אנרגיה
XL | 250 מ""ל
3 יח' ב- ‏10 ₪
‏4.50 ‏₪
‏1.80 ‏₪ / 100 מ""ל",אקס אל משקה אנרגיה,"https://yochananof.co.il/_next/image?url=https%3A%2F%2Fapi.yochananof.co.il%2Fmedia%2Fcatalog%2Fproduct%2Fcache%2F7d40ab1d2c85da43a7701c1338d70a16%2F5%2F9%2F5906485301012_s102-18-2024_15-01-49.jpg&w=256&q=75 /_next/image?url=https%3A%2F%2Fapi.yochananof.co.il%2Fmedia%2Fcatalog%2Fproduct%2Fcache%2F7d40ab1d2c85da43a7701c1338d70a16%2F5%2F9%2F5906485301012_s102-18-2024_15-01-49.jpg&w=256&q=75 1x, /_next/image?url=https%3A%2F%2Fapi.yochananof.co.il%2Fmedia%2Fcatalog%2Fproduct%2Fcache%2F7d40ab1d2c85da43a7701c1338d70a16%2F5%2F9%2F5906485301012_s102-18-2024_15-01-49.jpg&w=384&q=75 2x"
NO,REJECT,not_milk_or_beverage,5902198160403,אקס אל TEN ללא סוכר משקה אנרגיה,,משקה קוקוס,"אקס אל TEN ללא סוכר משקה אנרגיה
XL | 250 מ""ל
3 יח' ב- ‏10 ₪
‏4.50 ‏₪
‏1.80 ‏₪ / 100 מ""ל",אקס אל TEN ללא סוכר משקה אנרגיה,"https://yochananof.co.il/_next/image?url=https%3A%2F%2Fapi.yochananof.co.il%2Fmedia%2Fcatalog%2Fproduct%2Fcache%2F7d40ab1d2c85da43a7701c1338d70a16%2F5%2F9%2F5902198160403_s102-18-2024_14-30-52.jpg&w=256&q=75 /_next/image?url=https%3A%2F%2Fapi.yochananof.co.il%2Fmedia%2Fcatalog%2Fproduct%2Fcache%2F7d40ab1d2c85da43a7701c1338d70a16%2F5%2F9%2F5902198160403_s102-18-2024_14-30-52.jpg&w=256&q=75 1x, /_next/image?url=https%3A%2F%2Fapi.yochananof.co.il%2Fmedia%2Fcatalog%2Fproduct%2Fcache%2F7d40ab1d2c85da43a7701c1338d70a16%2F5%2F9%2F5902198160403_s102-18-2024_14-30-52.jpg&w=384&q=75 2x"
NO,REJECT,not_milk_or_beverage,5904941750312,משקה אנרגיה בלו מוחיטו,,משקה קוקוס,"משקה אנרגיה בלו מוחיטו
Blu | 250 מ""ל
4 יח' ב- ‏12 ₪
‏3.90 ‏₪
‏1.56 ‏₪ / 100 מ""ל",משקה אנרגיה בלו מוחיטו,"https://yochananof.co.il/_next/image?url=https%3A%2F%2Fapi.yochananof.co.il%2Fmedia%2Fcatalog%2Fproduct%2Fcache%2F7d40ab1d2c85da43a7701c1338d70a16%2F5%2F9%2F5904941750312_s1_1508-16-2020_23-01-07.jpg&w=256&q=75 /_next/image?url=https%3A%2F%2Fapi.yochananof.co.il%2Fmedia%2Fcatalog%2Fproduct%2Fcache%2F7d40ab1d2c85da43a7701c1338d70a16%2F5%2F9%2F5904941750312_s1_1508-16-2020_23-01-07.jpg&w=256&q=75 1x, /_next/image?url=https%3A%2F%2Fapi.yochananof.co.il%2Fmedia%2Fcatalog%2Fproduct%2Fcache%2F7d40ab1d2c85da43a7701c1338d70a16%2F5%2F9%2F5904941750312_s1_1508-16-2020_23-01-07.jpg&w=384&q=75 2x"
NO,REJECT,hard_exclude:קפה,7290116936178,"גו משקה חלב בטעם קפה ללא תוספת סוכר 340 מ""ל",,משקה קוקוס,"גו משקה חלב בטעם קפה ללא תוספת סוכר 340 מ""ל
תנובה | 340 מ""ל
‏8.20 ‏₪
‏2.41 ‏₪ / 100 מ""ל","גו משקה חלב בטעם קפה ללא תוספת סוכר 340 מ""ל","https://yochananof.co.il/_next/image?url=https%3A%2F%2Fapi.yochananof.co.il%2Fmedia%2Fcatalog%2Fproduct%2Fcache%2F7d40ab1d2c85da43a7701c1338d70a16%2F7%2F2%2F7290116936178_s1_1503-15-2026_13-34-01.jpg&w=256&q=75 /_next/image?url=https%3A%2F%2Fapi.yochananof.co.il%2Fmedia%2Fcatalog%2Fproduct%2Fcache%2F7d40ab1d2c85da43a7701c1338d70a16%2F7%2F2%2F7290116936178_s1_1503-15-2026_13-34-01.jpg&w=256&q=75 1x, /_next/image?url=https%3A%2F%2Fapi.yochananof.co.il%2Fmedia%2Fcatalog%2Fproduct%2Fcache%2F7d40ab1d2c85da43a7701c1338d70a16%2F7%2F2%2F7290116936178_s1_1503-15-2026_13-34-01.jpg&w=384&q=75 2x"
NO,REJECT,hard_exclude:דגני,7290000051307,הפסקת אוכל דגני עוגי וחלב בטעם וניל,,משקה צמחי חלב,"הפסקת אוכל דגני עוגי וחלב בטעם וניל
חלב תנובה | 1 ק""ג
‏10.90 ‏₪
‏10.90 ‏₪ / 1 ק""ג
אוטלי שיבולת שועל אורגני מפוקח ע""י סקאל
אוטלי | 1 ליטר
‏14.90 ‏₪
‏14.90 ‏₪ / 1 ליטר
משקה בריסטה שיבולת שועל
אוטלי | 500 מ""ל
‏10.90 ‏₪
‏2.18 ‏₪ / 100 מ""ל
משקה בריסטה שיבולת שועל להקצפה
אוטלי | 1 ליטר
‏15.90 ‏₪
‏15.90 ‏₪ / 1 ליטר
משקה שיבולת שועל ללא סוכר
אוטלי | 1 ליטר
‏14.90 ‏₪
‏14.90 ‏₪ / 1 ליטר",הפסקת אוכל דגני עוגי וחלב בטעם וניל,"https://yochananof.co.il/_next/image?url=https%3A%2F%2Fapi.yochananof.co.il%2Fmedia%2Fcatalog%2Fproduct%2Fcache%2F7d40ab1d2c85da43a7701c1338d70a16%2F7%2F2%2F7290000051307_s1_1510-15-2024_12-08-23.jpg&w=256&q=75 /_next/image?url=https%3A%2F%2Fapi.yochananof.co.il%2Fmedia%2Fcatalog%2Fproduct%2Fcache%2F7d40ab1d2c85da43a7701c1338d70a16%2F7%2F2%2F7290000051307_s1_1510-15-2024_12-08-23.jpg&w=256&q=75 1x, /_next/image?url=https%3A%2F%2Fapi.yochananof.co.il%2Fmedia%2Fcatalog%2Fproduct%2Fcache%2F7d40ab1d2c85da43a7701c1338d70a16%2F7%2F2%2F7290000051307_s1_1510-15-2024_12-08-23.jpg&w=384&q=75 2x"
